date,symbol,side,quantity,price,cost,reason,signal_date
2022-03-14,SYN_A,buy,523.5671064384517,114.59849036,60.0,positive_momentum,2022-03-11
2022-03-28,SYN_A,sell,4.895580959236327,117.16546317,0.5735930105751571,positive_momentum,2022-03-25
2022-04-11,SYN_A,sell,518.6715254792153,114.10127911,59.181084495113424,no_positive_momentum,2022-04-08
2022-05-23,SYN_C,buy,600.4247944572668,99.56443213,59.78095369690974,positive_momentum,2022-05-20
2022-06-06,SYN_C,buy,1.2487009964628442,98.90087611,0.1234976225496053,positive_momentum,2022-06-03
2022-06-20,SYN_C,buy,1.678842413757934,98.21544475,0.164888254332399,positive_momentum,2022-06-17
2022-07-04,SYN_C,sell,16.557785846063553,105.44966748,1.7460130116724522,positive_momentum,2022-07-01
2022-07-18,SYN_C,buy,8.854791824062659,101.61186958,0.8997519519847053,positive_momentum,2022-07-15
2022-08-01,SYN_C,sell,10.718118526243643,106.3958217,1.1403630276776853,positive_momentum,2022-07-29
2022-08-15,SYN_C,sell,584.931225319243,101.90500055,59.607416837869636,positive_momentum,2022-08-12
2022-08-15,SYN_B,buy,645.9360542337852,93.90629433,60.65746122723667,positive_momentum,2022-08-12
2022-08-29,SYN_B,sell,0.5452868204596371,93.82502709,0.051161550701445416,positive_momentum,2022-08-26
2022-09-12,SYN_B,sell,645.3907674133255,91.07491528,58.77890946466281,positive_momentum,2022-09-09
2022-09-12,SYN_C,buy,572.4524289280675,103.91926817,59.48883747634372,positive_momentum,2022-09-09
2022-09-26,SYN_C,sell,572.4524289280675,103.61380571,59.31397474917037,no_positive_momentum,2022-09-23
2022-10-10,SYN_C,buy,548.4662420273311,108.07843084,59.277370807025605,positive_momentum,2022-10-07
2022-10-24,SYN_C,sell,548.4662420273311,103.01489475,56.50019219637354,no_positive_momentum,2022-10-21
2023-01-16,SYN_B,buy,626.6708257711479,91.8210881,57.54159710283232,positive_momentum,2023-01-13
2023-01-30,SYN_B,sell,2.0402544619540777,92.43571469,0.18859237934018658,positive_momentum,2023-01-27
2023-02-13,SYN_B,sell,4.202673051077909,94.01668206,0.3951213760453219,positive_momentum,2023-02-10
2023-02-27,SYN_B,sell,8.42960422683791,97.32143391,0.8203811706496623,positive_momentum,2023-02-24
2023-03-13,SYN_B,buy,0.2917557460793887,97.20357439,0.02835970136773781,positive_momentum,2023-03-10
2023-03-27,SYN_B,sell,612.2900497773574,97.13783189,59.47652792319267,positive_momentum,2023-03-24
2023-03-27,SYN_C,buy,621.2582407468194,95.76148596,59.49261229881085,positive_momentum,2023-03-24
2023-04-10,SYN_C,sell,9.353687951560232,99.20845616,0.9279649410766835,positive_momentum,2023-04-07
2023-04-24,SYN_C,sell,0.04713451071779673,99.22528949,0.004676935470942888,positive_momentum,2023-04-21
2023-05-08,SYN_C,sell,3.8338494586218985,100.80435806,0.386468733575059,positive_momentum,2023-05-05
2023-05-22,SYN_C,sell,608.0235688259195,95.02394521,57.77679829050283,no_positive_momentum,2023-05-19
2023-07-17,SYN_A,buy,765.8556012765981,77.23094423,59.14775123042607,positive_momentum,2023-07-14
2023-07-31,SYN_A,buy,1.2637474424211632,76.79828341,0.09705363424172314,positive_momentum,2023-07-28
2023-08-14,SYN_A,sell,3.7747517233351573,77.75460823,0.2935043414134425,positive_momentum,2023-08-11
2023-08-28,SYN_A,sell,5.479314655291773,79.17483086,0.4338238110614454,positive_momentum,2023-08-25
2023-09-11,SYN_A,sell,757.8652823403924,80.85854692,61.27988549115966,positive_momentum,2023-09-08
2023-09-11,SYN_C,buy,641.4346193839447,94.73952821,60.76921321799584,positive_momentum,2023-09-08
2023-09-25,SYN_C,sell,0.163901296890117,94.51449198,0.015491047810432564,positive_momentum,2023-09-22
2023-10-09,SYN_C,sell,13.50011464048714,99.76512684,1.3468406494627405,positive_momentum,2023-10-06
2023-10-23,SYN_C,buy,2.998921467293826,98.58453877,0.2956472896606135,positive_momentum,2023-10-20
2023-11-06,SYN_C,sell,8.062658210978043,101.83813888,0.8210861066315543,positive_momentum,2023-11-03
2023-11-20,SYN_C,sell,4.411610086343103,103.67234587,0.4573619667149428,positive_momentum,2023-11-17
2023-12-04,SYN_C,buy,4.771422823328066,101.70899966,0.4852966423155906,positive_momentum,2023-12-01
2023-12-18,SYN_C,sell,623.0666794398682,97.78380573,60.925831139184254,no_positive_momentum,2023-12-15
2024-01-01,SYN_B,buy,734.8297058996015,84.19263264,61.867247481764394,positive_momentum,2023-12-29
2024-01-15,SYN_B,sell,15.171507263569424,88.64164656,1.3448273846397936,positive_momentum,2024-01-12
2024-01-29,SYN_B,sell,1.2990369210195922,89.04065613,0.11566709978467948,positive_momentum,2024-01-26
2024-02-12,SYN_B,sell,2.282221933407982,89.75327842,0.2048369006053973,positive_momentum,2024-02-09
2024-02-26,SYN_B,sell,0.16809178432606586,89.80555169,0.015095575425958841,positive_momentum,2024-02-23
2024-03-11,SYN_B,sell,9.4880709865796,92.88300885,0.8812805814159013,positive_momentum,2024-03-08
2024-03-25,SYN_B,sell,1.1617540286175654,93.26458646,0.10835050904725624,positive_momentum,2024-03-22
2024-04-08,SYN_B,sell,12.119086075031646,97.45081361,1.1810147982214554,positive_momentum,2024-04-05
