date,symbol,open,close
2022-01-03,SYN_A,99.96542526,99.92988664
2022-01-03,SYN_B,100.14049535,99.87352886
2022-01-03,SYN_C,99.70097728,99.88558153
2022-01-04,SYN_A,99.88653473,99.96066241
2022-01-04,SYN_B,99.91994043,100.50875423
2022-01-04,SYN_C,100.01684475,99.99726340
2022-01-05,SYN_A,99.75801545,99.73518435
2022-01-05,SYN_B,100.77265027,100.38424813
2022-01-05,SYN_C,99.97600158,100.06293321
2022-01-06,SYN_A,99.67291372,99.53529638
2022-01-06,SYN_B,100.55975346,99.68881894
2022-01-06,SYN_C,100.13832897,99.74090092
2022-01-07,SYN_A,99.31393310,100.12234983
2022-01-07,SYN_B,99.38731431,97.76964711
2022-01-07,SYN_C,99.61991071,99.30348720
2022-01-10,SYN_A,100.25545395,99.85229000
2022-01-10,SYN_B,97.93548005,97.47515492
2022-01-10,SYN_C,99.28636005,99.44005011
2022-01-11,SYN_A,100.01590933,100.61042118
2022-01-11,SYN_B,97.54338900,97.91547539
2022-01-11,SYN_C,99.53525820,99.15464641
2022-01-12,SYN_A,100.51589820,100.67944991
2022-01-12,SYN_B,97.86650727,99.07579612
2022-01-12,SYN_C,98.99230613,97.96208585
2022-01-13,SYN_A,100.96615952,101.73782380
2022-01-13,SYN_B,99.24155316,100.42539547
2022-01-13,SYN_C,97.94366532,97.28119004
2022-01-14,SYN_A,101.93189975,100.79319927
2022-01-14,SYN_B,100.43213048,100.27601524
2022-01-14,SYN_C,97.21980705,97.51552388
2022-01-17,SYN_A,101.26225167,102.04119417
2022-01-17,SYN_B,100.15387258,99.87288876
2022-01-17,SYN_C,97.35347454,98.24235700
2022-01-18,SYN_A,102.02685619,102.43350554
2022-01-18,SYN_B,99.72848458,99.17920864
2022-01-18,SYN_C,97.88123772,96.93204850
2022-01-19,SYN_A,102.51871667,103.24748682
2022-01-19,SYN_B,99.17554566,99.01289287
2022-01-19,SYN_C,96.96461720,97.49181083
2022-01-20,SYN_A,103.30401859,103.04575245
2022-01-20,SYN_B,99.19194816,99.69321236
2022-01-20,SYN_C,97.73133810,98.07047381
2022-01-21,SYN_A,102.97181762,105.04818630
2022-01-21,SYN_B,99.71616816,100.01561787
2022-01-21,SYN_C,97.84938855,98.52246910
2022-01-24,SYN_A,105.21984372,106.43850305
2022-01-24,SYN_B,99.54149649,100.48863544
2022-01-24,SYN_C,98.63205791,98.82396537
2022-01-25,SYN_A,106.43801121,107.56844662
2022-01-25,SYN_B,100.27680776,99.60678321
2022-01-25,SYN_C,99.09348617,98.54675605
2022-01-26,SYN_A,107.58948398,106.60995340
2022-01-26,SYN_B,99.65060897,98.54820591
2022-01-26,SYN_C,98.72137742,98.58969793
2022-01-27,SYN_A,106.66985101,108.79138096
2022-01-27,SYN_B,98.29167174,98.98992241
2022-01-27,SYN_C,98.65343619,100.79279111
2022-01-28,SYN_A,109.00713639,108.83458556
2022-01-28,SYN_B,99.29399973,99.00280454
2022-01-28,SYN_C,100.80328846,99.77281659
2022-01-31,SYN_A,108.87713138,108.29786230
2022-01-31,SYN_B,99.40363805,98.36832191
2022-01-31,SYN_C,99.83676987,98.26430344
2022-02-01,SYN_A,108.35444059,108.91781213
2022-02-01,SYN_B,98.65362953,98.34917302
2022-02-01,SYN_C,98.04497799,98.21406517
2022-02-02,SYN_A,109.02496551,108.82518984
2022-02-02,SYN_B,98.57236071,98.71867367
2022-02-02,SYN_C,98.35162666,99.44806472
2022-02-03,SYN_A,108.88756803,110.92147515
2022-02-03,SYN_B,98.76680148,98.68439914
2022-02-03,SYN_C,99.47033702,100.76347606
2022-02-04,SYN_A,111.03675528,112.13530754
2022-02-04,SYN_B,98.58322875,97.32832092
2022-02-04,SYN_C,100.82383597,101.04417416
2022-02-07,SYN_A,112.33083690,112.64816179
2022-02-07,SYN_B,97.13483162,97.13439339
2022-02-07,SYN_C,101.00455140,99.72858656
2022-02-08,SYN_A,112.63797556,112.36738657
2022-02-08,SYN_B,97.23603854,97.62853948
2022-02-08,SYN_C,99.61345913,100.08417216
2022-02-09,SYN_A,112.20733968,113.07766652
2022-02-09,SYN_B,97.62907757,99.47413960
2022-02-09,SYN_C,99.71209141,100.61629220
2022-02-10,SYN_A,113.05500858,114.54418510
2022-02-10,SYN_B,99.47243400,100.80038614
2022-02-10,SYN_C,100.52735695,100.66100678
2022-02-11,SYN_A,114.38606574,114.32591356
2022-02-11,SYN_B,100.74343560,100.56769617
2022-02-11,SYN_C,100.23810917,101.46382502
2022-02-14,SYN_A,114.72512748,113.95701307
2022-02-14,SYN_B,100.62655266,102.68877098
2022-02-14,SYN_C,101.28748633,100.17591463
2022-02-15,SYN_A,114.06475071,114.48383316
2022-02-15,SYN_B,102.95412558,102.42167717
2022-02-15,SYN_C,99.85541455,99.34434411
2022-02-16,SYN_A,114.59050452,113.70726131
2022-02-16,SYN_B,102.41449736,103.81145756
2022-02-16,SYN_C,99.76776496,100.66899243
2022-02-17,SYN_A,113.42557003,113.01057070
2022-02-17,SYN_B,103.82119882,104.19141861
2022-02-17,SYN_C,100.78587334,100.58347198
2022-02-18,SYN_A,112.83491222,111.52170180
2022-02-18,SYN_B,104.32558034,102.05611944
2022-02-18,SYN_C,100.51644980,100.37997881
2022-02-21,SYN_A,111.53760586,113.12109078
2022-02-21,SYN_B,101.97471032,101.94180054
2022-02-21,SYN_C,100.24467896,101.95111038
2022-02-22,SYN_A,113.23141451,116.48032880
2022-02-22,SYN_B,101.93520687,102.66350690
2022-02-22,SYN_C,102.01384828,102.27162421
2022-02-23,SYN_A,116.83183777,116.88656620
2022-02-23,SYN_B,102.58144046,103.72260389
2022-02-23,SYN_C,102.43194457,102.42431941
2022-02-24,SYN_A,116.44175733,115.45388478
2022-02-24,SYN_B,103.70119710,102.89488656
2022-02-24,SYN_C,102.26677386,100.49348695
2022-02-25,SYN_A,115.52992173,115.01099776
2022-02-25,SYN_B,103.09943755,102.71285970
2022-02-25,SYN_C,100.45516292,100.60119480
2022-02-28,SYN_A,114.85909126,114.49332988
2022-02-28,SYN_B,102.59279457,100.87297754
2022-02-28,SYN_C,100.63265289,100.76393641
2022-03-01,SYN_A,114.32998633,114.57646854
2022-03-01,SYN_B,101.21994460,100.97919861
2022-03-01,SYN_C,100.66168600,100.11064828
2022-03-02,SYN_A,114.28701004,114.26919973
2022-03-02,SYN_B,100.99155563,102.15289186
2022-03-02,SYN_C,100.29973015,101.01026885
2022-03-03,SYN_A,114.42240514,113.30342958
2022-03-03,SYN_B,102.21664712,102.10216390
2022-03-03,SYN_C,100.85555701,101.99596249
2022-03-04,SYN_A,112.87307765,113.68182013
2022-03-04,SYN_B,102.01900253,102.12915353
2022-03-04,SYN_C,102.09101902,102.61334392
2022-03-07,SYN_A,113.41876516,113.22065558
2022-03-07,SYN_B,102.39528144,102.80213248
2022-03-07,SYN_C,102.98407025,100.69830394
2022-03-08,SYN_A,112.78755879,114.53485328
2022-03-08,SYN_B,102.85423539,102.22768613
2022-03-08,SYN_C,101.10390585,101.88395641
2022-03-09,SYN_A,114.60209767,113.27104030
2022-03-09,SYN_B,102.25044362,101.02865360
2022-03-09,SYN_C,102.16421515,100.39916303
2022-03-10,SYN_A,113.68277682,113.28341870
2022-03-10,SYN_B,101.07122567,101.22128948
2022-03-10,SYN_C,100.26076746,100.85454623
2022-03-11,SYN_A,113.06979396,114.63206765
2022-03-11,SYN_B,101.38167299,101.18097930
2022-03-11,SYN_C,100.72620487,100.22359658
2022-03-14,SYN_A,114.59849036,115.65070243
2022-03-14,SYN_B,101.14365917,101.95999234
2022-03-14,SYN_C,100.20035159,101.24491054
2022-03-15,SYN_A,115.84274641,116.42036559
2022-03-15,SYN_B,101.93621605,101.12890604
2022-03-15,SYN_C,101.05472467,100.46849514
2022-03-16,SYN_A,116.62213290,116.24207943
2022-03-16,SYN_B,101.44697036,102.55031546
2022-03-16,SYN_C,100.47336244,99.00977385
2022-03-17,SYN_A,116.22456344,114.95943199
2022-03-17,SYN_B,102.49895200,102.42546713
2022-03-17,SYN_C,98.91883994,98.24800250
2022-03-18,SYN_A,115.37095912,115.00781915
2022-03-18,SYN_B,102.25559619,101.55801465
2022-03-18,SYN_C,98.43570631,97.67794230
2022-03-21,SYN_A,115.17536600,116.12034412
2022-03-21,SYN_B,101.84271338,101.52485170
2022-03-21,SYN_C,97.89947918,97.55522653
2022-03-22,SYN_A,116.39845674,117.00184985
2022-03-22,SYN_B,101.52527761,100.40196228
2022-03-22,SYN_C,97.66487381,97.09046715
2022-03-23,SYN_A,116.85028229,116.73698301
2022-03-23,SYN_B,99.97695280,99.74026831
2022-03-23,SYN_C,97.12424295,96.38048949
2022-03-24,SYN_A,116.87982575,116.98550015
2022-03-24,SYN_B,99.60670255,100.38805504
2022-03-24,SYN_C,96.08869228,96.27329742
2022-03-25,SYN_A,117.00185060,116.99643348
2022-03-25,SYN_B,100.39544145,100.81998025
2022-03-25,SYN_C,96.31722020,95.87238548
2022-03-28,SYN_A,117.16546317,117.14831213
2022-03-28,SYN_B,101.11294626,99.97924039
2022-03-28,SYN_C,95.87745114,95.38454439
2022-03-29,SYN_A,117.15074655,115.82834581
2022-03-29,SYN_B,100.14433941,100.44743312
2022-03-29,SYN_C,95.60044775,97.09346592
2022-03-30,SYN_A,115.81997330,115.79595660
2022-03-30,SYN_B,100.83836698,99.37737789
2022-03-30,SYN_C,97.18784155,96.07930348
2022-03-31,SYN_A,115.32889257,113.15848055
2022-03-31,SYN_B,99.59007908,97.85215783
2022-03-31,SYN_C,96.03560547,94.28745431
2022-04-01,SYN_A,112.90936258,114.34872415
2022-04-01,SYN_B,97.65799570,97.25744599
2022-04-01,SYN_C,94.31060303,94.56717260
2022-04-04,SYN_A,114.37626430,114.17558672
2022-04-04,SYN_B,97.14851349,97.19605724
2022-04-04,SYN_C,94.70440245,95.51141785
2022-04-05,SYN_A,114.37433534,114.01154022
2022-04-05,SYN_B,97.16957808,97.12952902
2022-04-05,SYN_C,95.80378193,95.70158545
2022-04-06,SYN_A,113.77331447,114.27492511
2022-04-06,SYN_B,97.01544064,96.99629164
2022-04-06,SYN_C,95.33830254,95.91196682
2022-04-07,SYN_A,114.09740166,114.44962857
2022-04-07,SYN_B,96.73775937,96.05489677
2022-04-07,SYN_C,95.92621197,94.76134964
2022-04-08,SYN_A,114.79321251,113.94350633
2022-04-08,SYN_B,95.77693451,96.72300223
2022-04-08,SYN_C,94.51471849,94.77511209
2022-04-11,SYN_A,114.10127911,114.09619490
2022-04-11,SYN_B,96.74142409,96.15127823
2022-04-11,SYN_C,95.02039638,94.75006961
2022-04-12,SYN_A,113.97950269,114.33375280
2022-04-12,SYN_B,96.11894547,96.02495659
2022-04-12,SYN_C,94.55815263,95.22560237
2022-04-13,SYN_A,114.38936639,115.74513248
2022-04-13,SYN_B,96.18604242,97.24526847
2022-04-13,SYN_C,95.28339456,95.97593877
2022-04-14,SYN_A,115.76106759,115.48803194
2022-04-14,SYN_B,97.24990686,96.18959061
2022-04-14,SYN_C,95.97480621,96.59580919
2022-04-15,SYN_A,115.52297866,116.96916598
2022-04-15,SYN_B,96.18948721,95.86104163
2022-04-15,SYN_C,96.32352693,96.15566419
2022-04-18,SYN_A,117.11750851,116.42646633
2022-04-18,SYN_B,95.97044597,95.38198448
2022-04-18,SYN_C,96.35665651,96.55504285
2022-04-19,SYN_A,116.36260857,115.74622735
2022-04-19,SYN_B,95.07319746,95.16310009
2022-04-19,SYN_C,96.78488424,96.54068027
2022-04-20,SYN_A,115.99903932,113.99953900
2022-04-20,SYN_B,95.19688426,94.99055180
2022-04-20,SYN_C,96.43052131,97.19225386
2022-04-21,SYN_A,113.94001093,114.42826953
2022-04-21,SYN_B,94.91686317,94.83129646
2022-04-21,SYN_C,96.93829244,98.26984317
2022-04-22,SYN_A,114.61108099,114.31938358
2022-04-22,SYN_B,95.22677732,96.83750175
2022-04-22,SYN_C,98.30681082,98.09886207
2022-04-25,SYN_A,114.41512009,113.40624037
2022-04-25,SYN_B,96.83087618,97.11741447
2022-04-25,SYN_C,97.80367171,98.85325719
2022-04-26,SYN_A,113.12600068,112.82902191
2022-04-26,SYN_B,97.06237967,96.85380653
2022-04-26,SYN_C,98.80113161,97.65175115
2022-04-27,SYN_A,113.23658531,112.36453179
2022-04-27,SYN_B,96.80092546,95.59442306
2022-04-27,SYN_C,97.77648077,97.54287477
2022-04-28,SYN_A,112.41102424,113.10535003
2022-04-28,SYN_B,95.69968693,95.98907315
2022-04-28,SYN_C,97.28194446,98.25734173
2022-04-29,SYN_A,113.14297853,113.47482904
2022-04-29,SYN_B,95.89115291,95.99204119
2022-04-29,SYN_C,98.59941870,97.77914316
2022-05-02,SYN_A,113.41973831,113.71311606
2022-05-02,SYN_B,96.45916179,97.12070422
2022-05-02,SYN_C,98.04750442,99.30788382
2022-05-03,SYN_A,113.74059692,112.67648775
2022-05-03,SYN_B,96.86042194,94.91166665
2022-05-03,SYN_C,99.32820235,99.08112253
2022-05-04,SYN_A,112.60758945,112.26724770
2022-05-04,SYN_B,94.72452211,94.39135216
2022-05-04,SYN_C,98.87662133,98.90032986
2022-05-05,SYN_A,112.06624759,111.98604816
2022-05-05,SYN_B,94.24792597,94.12333204
2022-05-05,SYN_C,99.00068302,99.12503942
2022-05-06,SYN_A,111.61665357,111.64319113
2022-05-06,SYN_B,94.17544172,94.66422763
2022-05-06,SYN_C,98.80874084,99.11580581
2022-05-09,SYN_A,111.60331692,112.18094487
2022-05-09,SYN_B,94.74955037,95.25834373
2022-05-09,SYN_C,99.24963052,99.79027927
2022-05-10,SYN_A,112.00553144,112.05223844
2022-05-10,SYN_B,95.49738381,95.30474966
2022-05-10,SYN_C,99.75664279,99.48462490
2022-05-11,SYN_A,111.86086464,113.04410790
2022-05-11,SYN_B,95.12632086,94.60875102
2022-05-11,SYN_C,99.52560896,99.94049785
2022-05-12,SYN_A,113.28459045,113.20563114
2022-05-12,SYN_B,94.69261031,94.09053648
2022-05-12,SYN_C,100.19249899,100.76698430
2022-05-13,SYN_A,113.24817694,112.98200357
2022-05-13,SYN_B,94.02895152,94.44911851
2022-05-13,SYN_C,100.76311813,101.07721046
2022-05-16,SYN_A,113.02293170,111.97862040
2022-05-16,SYN_B,94.24469968,93.51973767
2022-05-16,SYN_C,100.70260580,100.65737148
2022-05-17,SYN_A,111.96665364,111.68167844
2022-05-17,SYN_B,93.34308344,93.45050751
2022-05-17,SYN_C,100.17061886,100.64971392
2022-05-18,SYN_A,111.61203429,111.63401414
2022-05-18,SYN_B,93.48452357,93.85097349
2022-05-18,SYN_C,100.87020721,101.16179018
2022-05-19,SYN_A,111.53107590,111.47695069
2022-05-19,SYN_B,94.14353037,93.56155789
2022-05-19,SYN_C,100.94906319,100.06963442
2022-05-20,SYN_A,111.55050380,109.67953864
2022-05-20,SYN_B,93.33102422,91.17084218
2022-05-20,SYN_C,99.84613101,99.41707445
2022-05-23,SYN_A,109.29640944,108.72980696
2022-05-23,SYN_B,91.10865365,90.91570005
2022-05-23,SYN_C,99.56443213,99.13673756
2022-05-24,SYN_A,108.70288880,108.38927475
2022-05-24,SYN_B,90.80975613,89.44406467
2022-05-24,SYN_C,99.35559751,98.65289044
2022-05-25,SYN_A,108.39273508,108.86814310
2022-05-25,SYN_B,89.49123555,89.14561815
2022-05-25,SYN_C,98.78757114,100.21962724
2022-05-26,SYN_A,109.01475025,108.63334213
2022-05-26,SYN_B,89.81709361,89.57138045
2022-05-26,SYN_C,100.14513104,100.31069957
2022-05-27,SYN_A,108.72468468,108.21679228
2022-05-27,SYN_B,89.61932959,90.55948575
2022-05-27,SYN_C,100.24682540,100.14324768
2022-05-30,SYN_A,108.12228477,107.69701200
2022-05-30,SYN_B,90.46536913,90.67788713
2022-05-30,SYN_C,99.95316665,98.56161652
2022-05-31,SYN_A,107.98794724,107.10931553
2022-05-31,SYN_B,91.10340161,91.15651359
2022-05-31,SYN_C,98.33234816,97.56857575
2022-06-01,SYN_A,106.85733911,108.62376412
2022-06-01,SYN_B,90.97604018,91.50890329
2022-06-01,SYN_C,97.85391777,97.97230323
2022-06-02,SYN_A,108.56445732,108.27736654
2022-06-02,SYN_B,91.66932196,91.35028014
2022-06-02,SYN_C,97.69832101,97.43614073
2022-06-03,SYN_A,107.80560720,106.86360673
2022-06-03,SYN_B,91.08894513,91.22700825
2022-06-03,SYN_C,97.81574208,98.92909377
2022-06-06,SYN_A,106.76375851,106.90570328
2022-06-06,SYN_B,91.42084972,90.95360692
2022-06-06,SYN_C,98.90087611,100.31084027
2022-06-07,SYN_A,106.80198637,106.71760256
2022-06-07,SYN_B,91.05912011,90.38042154
2022-06-07,SYN_C,100.26101766,99.50248628
2022-06-08,SYN_A,107.11895717,107.42779712
2022-06-08,SYN_B,90.36369489,89.68448092
2022-06-08,SYN_C,99.44053384,100.16330407
2022-06-09,SYN_A,107.73988055,106.34171195
2022-06-09,SYN_B,89.63247071,90.53805447
2022-06-09,SYN_C,99.76188706,100.46991828
2022-06-10,SYN_A,106.32255519,105.28428794
2022-06-10,SYN_B,90.68743743,88.06115624
2022-06-10,SYN_C,100.08529200,99.05300591
2022-06-13,SYN_A,105.09637244,104.82363521
2022-06-13,SYN_B,87.85249229,87.62776094
2022-06-13,SYN_C,98.88539841,99.16819193
2022-06-14,SYN_A,105.12447596,104.76040472
2022-06-14,SYN_B,87.57204883,87.81407253
2022-06-14,SYN_C,99.10971596,99.40368884
2022-06-15,SYN_A,104.83832406,103.39579943
2022-06-15,SYN_B,87.64616388,86.14588925
2022-06-15,SYN_C,99.63477272,99.01568270
2022-06-16,SYN_A,103.45212447,102.57388638
2022-06-16,SYN_B,85.95937946,86.82358875
2022-06-16,SYN_C,98.86416955,98.66324075
2022-06-17,SYN_A,102.53758838,101.61883064
2022-06-17,SYN_B,86.76697302,86.42345327
2022-06-17,SYN_C,98.15348860,98.52729258
2022-06-20,SYN_A,101.88428798,100.61902633
2022-06-20,SYN_B,86.15085540,86.59722402
2022-06-20,SYN_C,98.21544475,97.55972571
2022-06-21,SYN_A,100.55271085,99.51248555
2022-06-21,SYN_B,86.62979680,86.72766457
2022-06-21,SYN_C,97.81055269,98.54786351
2022-06-22,SYN_A,99.18545010,100.26156940
2022-06-22,SYN_B,86.54284488,88.31992369
2022-06-22,SYN_C,98.70997746,100.54517732
2022-06-23,SYN_A,100.11226055,98.27553103
2022-06-23,SYN_B,88.62240633,88.67100310
2022-06-23,SYN_C,100.49273458,100.93842846
2022-06-24,SYN_A,98.46740732,97.53043696
2022-06-24,SYN_B,88.54450032,88.94133634
2022-06-24,SYN_C,101.01020527,102.09725713
2022-06-27,SYN_A,97.55525364,98.55569855
2022-06-27,SYN_B,89.06450247,89.25703598
2022-06-27,SYN_C,102.09333927,102.33239941
2022-06-28,SYN_A,98.57672114,100.02487928
2022-06-28,SYN_B,89.10094793,90.12671494
2022-06-28,SYN_C,102.51762817,102.82070070
2022-06-29,SYN_A,99.88988753,99.64603700
2022-06-29,SYN_B,90.12650001,91.76497273
2022-06-29,SYN_C,102.88429500,104.12040789
2022-06-30,SYN_A,99.66148282,98.43694452
2022-06-30,SYN_B,91.66021745,91.93766060
2022-06-30,SYN_C,104.11241231,104.97299079
2022-07-01,SYN_A,98.39798382,99.08196326
2022-07-01,SYN_B,91.81847335,90.78240544
2022-07-01,SYN_C,105.24654446,105.57222224
2022-07-04,SYN_A,99.09078775,97.84153588
2022-07-04,SYN_B,91.09976034,89.86346418
2022-07-04,SYN_C,105.44966748,103.98016586
2022-07-05,SYN_A,97.70455666,96.20492017
2022-07-05,SYN_B,89.67832123,88.31118217
2022-07-05,SYN_C,103.66925703,102.21430729
2022-07-06,SYN_A,96.07346167,94.93981799
2022-07-06,SYN_B,88.39569592,88.19075270
2022-07-06,SYN_C,102.12603718,101.68453844
2022-07-07,SYN_A,94.98536473,95.79610157
2022-07-07,SYN_B,87.73580062,87.90225072
2022-07-07,SYN_C,101.24397994,101.68922360
2022-07-08,SYN_A,95.66699845,96.04308546
2022-07-08,SYN_B,87.72263044,88.21736030
2022-07-08,SYN_C,101.37374333,101.44081642
2022-07-11,SYN_A,96.14608362,96.10651662
2022-07-11,SYN_B,88.56025794,88.46097470
2022-07-11,SYN_C,101.34935892,99.67712617
2022-07-12,SYN_A,96.03561650,95.80958716
2022-07-12,SYN_B,88.69498066,90.10967847
2022-07-12,SYN_C,99.69872368,99.50263832
2022-07-13,SYN_A,95.69059050,94.95475095
2022-07-13,SYN_B,90.29791069,89.11806667
2022-07-13,SYN_C,99.61557084,100.20417716
2022-07-14,SYN_A,95.01652464,94.31552807
2022-07-14,SYN_B,88.96916423,89.75166260
2022-07-14,SYN_C,100.27546043,101.89987964
2022-07-15,SYN_A,94.25330984,94.04150873
2022-07-15,SYN_B,90.02923866,90.50661621
2022-07-15,SYN_C,101.82038409,101.90641116
2022-07-18,SYN_A,94.26711544,95.28239415
2022-07-18,SYN_B,90.65658252,90.78519379
2022-07-18,SYN_C,101.61186958,103.11935871
2022-07-19,SYN_A,95.27703303,94.64655479
2022-07-19,SYN_B,90.71388157,90.74481833
2022-07-19,SYN_C,102.90882695,102.91821604
2022-07-20,SYN_A,94.63191307,94.12028364
2022-07-20,SYN_B,90.88769404,92.18683115
2022-07-20,SYN_C,102.79453272,103.89259524
2022-07-21,SYN_A,93.62215686,93.34438998
2022-07-21,SYN_B,92.06967345,92.91406815
2022-07-21,SYN_C,103.93176761,104.75375925
2022-07-22,SYN_A,93.17672308,92.81582971
2022-07-22,SYN_B,92.68709865,92.82189143
2022-07-22,SYN_C,104.72880921,105.22677597
2022-07-25,SYN_A,92.98426201,93.19935475
2022-07-25,SYN_B,93.10943750,93.31169734
2022-07-25,SYN_C,105.26582471,105.56074320
2022-07-26,SYN_A,93.07793645,94.03827433
2022-07-26,SYN_B,93.63296482,95.17908184
2022-07-26,SYN_C,105.56818036,106.17258217
2022-07-27,SYN_A,94.03779557,94.49030522
2022-07-27,SYN_B,95.15601706,95.19493924
2022-07-27,SYN_C,106.54675130,106.95437181
2022-07-28,SYN_A,94.65713686,94.66853157
2022-07-28,SYN_B,95.25047736,95.24315208
2022-07-28,SYN_C,106.69363239,106.80585185
2022-07-29,SYN_A,94.70832935,93.39000671
2022-07-29,SYN_B,95.41793279,95.49402115
2022-07-29,SYN_C,106.86577141,106.41271780
2022-08-01,SYN_A,93.02370455,92.35518167
2022-08-01,SYN_B,95.46561910,95.86569432
2022-08-01,SYN_C,106.39582170,105.93219721
2022-08-02,SYN_A,92.27141651,91.52279053
2022-08-02,SYN_B,95.92889102,95.84872191
2022-08-02,SYN_C,106.18599294,106.84559079
2022-08-03,SYN_A,91.58168913,91.19989911
2022-08-03,SYN_B,95.66953229,94.97754161
2022-08-03,SYN_C,107.46258500,107.07454909
2022-08-04,SYN_A,91.13418788,90.76974287
2022-08-04,SYN_B,94.86666302,93.56483489
2022-08-04,SYN_C,106.86100003,105.84279326
2022-08-05,SYN_A,90.64561861,90.05676762
2022-08-05,SYN_B,93.60524102,93.18621116
2022-08-05,SYN_C,106.04028818,105.80615803
2022-08-08,SYN_A,89.81837982,90.20531658
2022-08-08,SYN_B,93.11072674,93.47100942
2022-08-08,SYN_C,105.87601424,105.94872571
2022-08-09,SYN_A,90.13583178,90.95913132
2022-08-09,SYN_B,93.64583055,94.05381538
2022-08-09,SYN_C,105.69895184,105.08500493
2022-08-10,SYN_A,90.91457180,90.84919714
2022-08-10,SYN_B,93.88532088,94.42049136
2022-08-10,SYN_C,105.08576045,103.44415112
2022-08-11,SYN_A,90.38068536,89.62795039
2022-08-11,SYN_B,94.31685044,93.74569314
2022-08-11,SYN_C,103.37688184,102.99921595
2022-08-12,SYN_A,89.89768690,90.34192061
2022-08-12,SYN_B,93.53185212,94.14201166
2022-08-12,SYN_C,102.66575774,101.94173438
2022-08-15,SYN_A,89.93817440,90.74439914
2022-08-15,SYN_B,93.90629433,94.39519641
2022-08-15,SYN_C,101.90500055,103.85775396
2022-08-16,SYN_A,90.73187452,90.72704090
2022-08-16,SYN_B,94.34767521,93.51199776
2022-08-16,SYN_C,103.84545798,103.68069953
2022-08-17,SYN_A,90.55608148,90.48296960
2022-08-17,SYN_B,93.57241530,93.80345429
2022-08-17,SYN_C,103.64228668,104.10110800
2022-08-18,SYN_A,90.33836854,90.25725883
2022-08-18,SYN_B,93.59823076,94.11202333
2022-08-18,SYN_C,104.14636120,103.03596308
2022-08-19,SYN_A,90.28746010,90.76428027
2022-08-19,SYN_B,94.33039965,94.20475740
2022-08-19,SYN_C,102.89021624,102.67337111
2022-08-22,SYN_A,90.62888090,90.34539970
2022-08-22,SYN_B,94.20763367,93.52580265
2022-08-22,SYN_C,102.52188455,102.47174825
2022-08-23,SYN_A,90.15764831,89.77366467
2022-08-23,SYN_B,93.47634178,92.60208801
2022-08-23,SYN_C,102.64141297,103.14720858
2022-08-24,SYN_A,89.79719570,90.03589985
2022-08-24,SYN_B,92.59636122,93.20044213
2022-08-24,SYN_C,103.48940024,103.66828356
2022-08-25,SYN_A,90.19332132,90.03064347
2022-08-25,SYN_B,92.99036230,93.75630125
2022-08-25,SYN_C,103.34353107,104.93504736
2022-08-26,SYN_A,90.06444573,90.30247629
2022-08-26,SYN_B,94.08527876,93.79952048
2022-08-26,SYN_C,104.69183973,104.72270557
2022-08-29,SYN_A,90.12088579,90.01549139
2022-08-29,SYN_B,93.82502709,93.20370218
2022-08-29,SYN_C,105.05899640,104.03530944
2022-08-30,SYN_A,90.08323012,89.38695466
2022-08-30,SYN_B,93.28160209,92.41443707
2022-08-30,SYN_C,103.82052381,102.92885074
2022-08-31,SYN_A,89.48085954,88.83055270
2022-08-31,SYN_B,92.55527860,92.69256076
2022-08-31,SYN_C,103.14328857,103.61579967
2022-09-01,SYN_A,88.96743098,88.81814140
2022-09-01,SYN_B,92.64402405,91.76133043
2022-09-01,SYN_C,103.67627725,103.61627123
2022-09-02,SYN_A,88.91189115,88.11012198
2022-09-02,SYN_B,91.57545644,91.50778499
2022-09-02,SYN_C,103.50906303,103.90058178
2022-09-05,SYN_A,88.11843614,86.57756186
2022-09-05,SYN_B,91.11421504,91.15932322
2022-09-05,SYN_C,103.62968987,102.85114528
2022-09-06,SYN_A,86.33395204,85.50385749
2022-09-06,SYN_B,91.08457982,91.20385643
2022-09-06,SYN_C,102.94365251,102.27696679
2022-09-07,SYN_A,85.69501023,86.09957026
2022-09-07,SYN_B,91.12977134,92.06966393
2022-09-07,SYN_C,102.63936538,103.53151009
2022-09-08,SYN_A,86.25927773,87.28532363
2022-09-08,SYN_B,91.86913642,91.81291694
2022-09-08,SYN_C,103.52126439,103.14889709
2022-09-09,SYN_A,87.43686668,86.72039617
2022-09-09,SYN_B,91.91087680,90.83900879
2022-09-09,SYN_C,103.04711029,103.64571872
2022-09-12,SYN_A,86.77075762,87.78027242
2022-09-12,SYN_B,91.07491528,90.60219717
2022-09-12,SYN_C,103.91926817,103.66262867
2022-09-13,SYN_A,87.78294328,88.33250291
2022-09-13,SYN_B,90.39780000,90.68687126
2022-09-13,SYN_C,103.77132714,104.45955201
2022-09-14,SYN_A,88.50994873,87.89057806
2022-09-14,SYN_B,90.89515643,91.05200740
2022-09-14,SYN_C,104.16745709,104.48188089
2022-09-15,SYN_A,87.82808261,87.33442719
2022-09-15,SYN_B,91.00827780,90.16781872
2022-09-15,SYN_C,104.83577799,104.18981433
2022-09-16,SYN_A,87.53463453,87.55652823
2022-09-16,SYN_B,90.29779822,91.02961599
2022-09-16,SYN_C,104.12479044,103.19490597
2022-09-19,SYN_A,87.69607805,87.68633081
2022-09-19,SYN_B,90.79949683,91.90954344
2022-09-19,SYN_C,103.31382347,102.77415802
2022-09-20,SYN_A,87.43398657,87.30654851
2022-09-20,SYN_B,91.70328949,91.58919005
2022-09-20,SYN_C,102.60301500,102.58522924
2022-09-21,SYN_A,87.35800311,87.89235531
2022-09-21,SYN_B,91.78950224,91.82513618
2022-09-21,SYN_C,102.60162257,103.39099549
2022-09-22,SYN_A,88.05054170,89.40787803
2022-09-22,SYN_B,92.01246014,93.34028711
2022-09-22,SYN_C,103.02261566,104.47434118
2022-09-23,SYN_A,89.41757294,89.05713603
2022-09-23,SYN_B,93.26093045,93.62207810
2022-09-23,SYN_C,104.65000052,103.75046635
2022-09-26,SYN_A,88.95732569,88.33828250
2022-09-26,SYN_B,93.69562320,93.57122096
2022-09-26,SYN_C,103.61380571,103.25057911
2022-09-27,SYN_A,88.33650899,87.65750218
2022-09-27,SYN_B,93.41396690,93.40907681
2022-09-27,SYN_C,103.33427651,102.79598853
2022-09-28,SYN_A,87.51316111,89.26735302
2022-09-28,SYN_B,93.23344571,92.90970100
2022-09-28,SYN_C,102.83588180,102.49049848
2022-09-29,SYN_A,89.58954841,89.53555888
2022-09-29,SYN_B,92.94181076,92.92194260
2022-09-29,SYN_C,102.49049256,103.97003208
2022-09-30,SYN_A,89.37378464,90.56118665
2022-09-30,SYN_B,93.13815575,93.80006036
2022-09-30,SYN_C,103.83304470,104.35736463
2022-10-03,SYN_A,90.64592013,90.04988260
2022-10-03,SYN_B,93.38171689,93.69990104
2022-10-03,SYN_C,104.39733135,104.95919243
2022-10-04,SYN_A,90.08383179,90.63162964
2022-10-04,SYN_B,93.77260232,93.92006239
2022-10-04,SYN_C,105.63612579,105.55928020
2022-10-05,SYN_A,90.94649100,90.38813526
2022-10-05,SYN_B,93.72472475,92.86198032
2022-10-05,SYN_C,105.67200640,106.31391458
2022-10-06,SYN_A,90.14377463,90.94117385
2022-10-06,SYN_B,93.08460772,93.30685812
2022-10-06,SYN_C,106.32083934,107.24934278
2022-10-07,SYN_A,91.05801179,90.39263268
2022-10-07,SYN_B,93.27427688,92.63116378
2022-10-07,SYN_C,107.38483637,108.05053918
2022-10-10,SYN_A,90.44630553,89.43977477
2022-10-10,SYN_B,92.79024145,92.54317756
2022-10-10,SYN_C,108.07843084,108.75193937
2022-10-11,SYN_A,89.65419196,89.46992031
2022-10-11,SYN_B,92.54839532,92.72128120
2022-10-11,SYN_C,108.48104442,108.47374832
2022-10-12,SYN_A,89.65554384,89.55056389
2022-10-12,SYN_B,92.65393116,93.00980214
2022-10-12,SYN_C,108.46086939,107.47064218
2022-10-13,SYN_A,89.77788590,89.65877971
2022-10-13,SYN_B,92.84802039,93.33542221
2022-10-13,SYN_C,107.07299808,105.28733382
2022-10-14,SYN_A,89.69122866,89.83720259
2022-10-14,SYN_B,93.16891438,93.16238360
2022-10-14,SYN_C,104.99320762,105.02684601
2022-10-17,SYN_A,89.81039149,89.40445083
2022-10-17,SYN_B,92.83565500,91.99295366
2022-10-17,SYN_C,105.19252959,105.52773254
2022-10-18,SYN_A,89.46525194,88.17141493
2022-10-18,SYN_B,91.74577782,92.31236918
2022-10-18,SYN_C,105.66885032,104.32019310
2022-10-19,SYN_A,88.28469026,88.48312613
2022-10-19,SYN_B,92.72820623,93.29712244
2022-10-19,SYN_C,103.69760153,103.45365125
2022-10-20,SYN_A,88.44700641,88.20393102
2022-10-20,SYN_B,93.17570199,92.29096518
2022-10-20,SYN_C,103.73613476,103.73977483
2022-10-21,SYN_A,88.32390809,88.51341632
2022-10-21,SYN_B,92.52518394,91.68976101
2022-10-21,SYN_C,103.90171058,103.05964372
2022-10-24,SYN_A,88.47935421,87.49546493
2022-10-24,SYN_B,91.69624444,91.06854495
2022-10-24,SYN_C,103.01489475,103.32572984
2022-10-25,SYN_A,87.23565395,86.42679893
2022-10-25,SYN_B,90.91484353,90.70217188
2022-10-25,SYN_C,103.59234358,103.81617648
2022-10-26,SYN_A,86.64727401,85.66808372
2022-10-26,SYN_B,90.82652289,90.63458938
2022-10-26,SYN_C,103.86525675,104.00873702
2022-10-27,SYN_A,85.80546112,85.57551340
2022-10-27,SYN_B,91.07283029,90.72304385
2022-10-27,SYN_C,104.27308292,104.33684798
2022-10-28,SYN_A,85.80870244,84.78350836
2022-10-28,SYN_B,90.31895965,90.52482345
2022-10-28,SYN_C,104.56014904,103.98328536
2022-10-31,SYN_A,85.05247429,85.39669586
2022-10-31,SYN_B,90.40615700,90.86628471
2022-10-31,SYN_C,103.72504346,103.08838555
2022-11-01,SYN_A,85.02177287,83.97858343
2022-11-01,SYN_B,91.08869325,90.10218451
2022-11-01,SYN_C,102.97504408,101.59103900
2022-11-02,SYN_A,83.97878455,84.56849925
2022-11-02,SYN_B,90.08314130,89.74732987
2022-11-02,SYN_C,101.39334389,102.22034591
2022-11-03,SYN_A,84.69958071,82.83435191
2022-11-03,SYN_B,89.94680982,89.70541154
2022-11-03,SYN_C,102.66553298,102.15298468
2022-11-04,SYN_A,82.94382810,82.45445812
2022-11-04,SYN_B,89.86212690,89.55680678
2022-11-04,SYN_C,102.41669594,102.87506233
2022-11-07,SYN_A,82.33511849,82.38523864
2022-11-07,SYN_B,89.61054114,88.60799647
2022-11-07,SYN_C,102.76160246,103.51958558
2022-11-08,SYN_A,82.59624627,81.82585794
2022-11-08,SYN_B,88.66530136,87.59835785
2022-11-08,SYN_C,103.61991944,103.30605159
2022-11-09,SYN_A,82.04775416,83.15626988
2022-11-09,SYN_B,87.63496742,87.36916671
2022-11-09,SYN_C,103.57991986,102.98259980
2022-11-10,SYN_A,83.27895069,83.39979814
2022-11-10,SYN_B,87.64798023,87.57936004
2022-11-10,SYN_C,102.63509205,102.13528457
2022-11-11,SYN_A,83.34133720,84.23648052
2022-11-11,SYN_B,87.53599927,86.80770976
2022-11-11,SYN_C,102.23068045,101.36159564
2022-11-14,SYN_A,84.28199638,84.03596439
2022-11-14,SYN_B,86.99531125,89.14270555
2022-11-14,SYN_C,100.95614010,102.16684886
2022-11-15,SYN_A,84.06549651,84.43952727
2022-11-15,SYN_B,89.23044474,89.05973876
2022-11-15,SYN_C,102.45556882,101.56699915
2022-11-16,SYN_A,84.69791618,84.66669451
2022-11-16,SYN_B,89.05877689,90.74649344
2022-11-16,SYN_C,101.46731045,102.02665225
2022-11-17,SYN_A,84.86461762,84.37692502
2022-11-17,SYN_B,90.74471018,91.03300924
2022-11-17,SYN_C,101.98429923,101.08324062
2022-11-18,SYN_A,84.12110200,82.99103807
2022-11-18,SYN_B,90.72029399,89.86663596
2022-11-18,SYN_C,101.14395222,100.52005349
2022-11-21,SYN_A,82.82223707,81.98500271
2022-11-21,SYN_B,89.61753040,88.64089121
2022-11-21,SYN_C,100.66377146,99.23067151
2022-11-22,SYN_A,81.88372302,83.30137901
2022-11-22,SYN_B,88.32290036,88.53711039
2022-11-22,SYN_C,99.16445702,98.51915583
2022-11-23,SYN_A,83.32730387,82.81877515
2022-11-23,SYN_B,88.61262531,89.05546494
2022-11-23,SYN_C,98.77750969,98.36263413
2022-11-24,SYN_A,82.78618122,82.13882843
2022-11-24,SYN_B,89.14868277,89.71304745
2022-11-24,SYN_C,98.18920647,99.29654290
2022-11-25,SYN_A,82.30605000,82.11159162
2022-11-25,SYN_B,89.84777582,90.19614517
2022-11-25,SYN_C,99.39055525,98.37102255
2022-11-28,SYN_A,82.11516547,83.58945671
2022-11-28,SYN_B,90.28253488,91.18412054
2022-11-28,SYN_C,98.22065099,98.18489152
2022-11-29,SYN_A,83.39400666,82.75391916
2022-11-29,SYN_B,91.16432064,91.24109267
2022-11-29,SYN_C,98.22458094,98.91521806
2022-11-30,SYN_A,82.86668619,82.65863778
2022-11-30,SYN_B,91.20569582,91.31503731
2022-11-30,SYN_C,98.50700314,98.27707567
2022-12-01,SYN_A,82.50506225,81.22293697
2022-12-01,SYN_B,91.23418789,89.90329670
2022-12-01,SYN_C,98.44825088,97.91530372
2022-12-02,SYN_A,81.11359929,81.00468736
2022-12-02,SYN_B,89.79639634,89.10790338
2022-12-02,SYN_C,97.84303303,96.98324882
2022-12-05,SYN_A,80.99732281,80.14282740
2022-12-05,SYN_B,89.63587150,88.98479074
2022-12-05,SYN_C,96.89491317,96.79034937
2022-12-06,SYN_A,80.18344480,79.65255624
2022-12-06,SYN_B,89.26200494,88.90408299
2022-12-06,SYN_C,96.86303722,97.45593891
2022-12-07,SYN_A,79.65253249,79.89085615
2022-12-07,SYN_B,89.02555231,88.32955189
2022-12-07,SYN_C,97.49131857,96.61439347
2022-12-08,SYN_A,79.78732224,80.23782096
2022-12-08,SYN_B,88.61205260,90.06436394
2022-12-08,SYN_C,96.60346692,95.63542454
2022-12-09,SYN_A,80.49619759,79.33372912
2022-12-09,SYN_B,90.00728689,89.39370484
2022-12-09,SYN_C,95.97073407,94.80972190
2022-12-12,SYN_A,79.54238944,79.80844638
2022-12-12,SYN_B,89.47696829,88.99826789
2022-12-12,SYN_C,94.79299746,94.95442162
2022-12-13,SYN_A,79.87477511,79.25955168
2022-12-13,SYN_B,88.69736266,87.01024708
2022-12-13,SYN_C,94.81223156,93.37987237
2022-12-14,SYN_A,79.10781612,78.46331726
2022-12-14,SYN_B,87.06360301,86.75488434
2022-12-14,SYN_C,93.35992844,92.98414538
2022-12-15,SYN_A,78.43911116,79.06594470
2022-12-15,SYN_B,86.77275743,87.56179382
2022-12-15,SYN_C,93.21635259,92.32626261
2022-12-16,SYN_A,79.34836895,79.10912023
2022-12-16,SYN_B,87.55621269,87.74795609
2022-12-16,SYN_C,92.40769960,92.97570550
2022-12-19,SYN_A,79.31706343,78.63991014
2022-12-19,SYN_B,87.72368503,88.20643286
2022-12-19,SYN_C,93.33966053,92.64540298
2022-12-20,SYN_A,78.67452587,78.05951038
2022-12-20,SYN_B,88.03808622,87.65996554
2022-12-20,SYN_C,92.55218988,92.46076216
2022-12-21,SYN_A,78.25923778,78.50764477
2022-12-21,SYN_B,88.12633652,88.07416351
2022-12-21,SYN_C,92.60682727,92.77484577
2022-12-22,SYN_A,78.44820307,79.39867220
2022-12-22,SYN_B,88.36158994,88.53677028
2022-12-22,SYN_C,92.76095440,93.53935082
2022-12-23,SYN_A,79.25980735,80.15170651
2022-12-23,SYN_B,88.49611466,89.51070103
2022-12-23,SYN_C,93.44428362,93.03507953
2022-12-26,SYN_A,80.11868774,79.87841064
2022-12-26,SYN_B,89.38191426,89.92856415
2022-12-26,SYN_C,92.91121811,93.15357023
2022-12-27,SYN_A,79.78929655,78.98026738
2022-12-27,SYN_B,89.83640913,88.50031314
2022-12-27,SYN_C,92.98911237,92.08820961
2022-12-28,SYN_A,78.75967983,79.08439752
2022-12-28,SYN_B,88.67342061,89.50098516
2022-12-28,SYN_C,92.07094333,92.21775227
2022-12-29,SYN_A,79.06841395,77.87938566
2022-12-29,SYN_B,89.37295022,88.25443868
2022-12-29,SYN_C,92.45617662,92.88353096
2022-12-30,SYN_A,78.00485339,79.11153117
2022-12-30,SYN_B,88.14452865,88.75855586
2022-12-30,SYN_C,92.95089689,92.39395296
2023-01-02,SYN_A,79.02361989,78.46547851
2023-01-02,SYN_B,88.34841658,88.37400518
2023-01-02,SYN_C,92.33452003,92.11236008
2023-01-03,SYN_A,78.93741390,77.90400846
2023-01-03,SYN_B,88.20924256,88.58577376
2023-01-03,SYN_C,92.54787448,91.64315020
2023-01-04,SYN_A,77.76125887,79.05262569
2023-01-04,SYN_B,88.59913253,90.74459536
2023-01-04,SYN_C,91.97034640,92.11603241
2023-01-05,SYN_A,78.87508993,79.63971670
2023-01-05,SYN_B,91.07330415,91.76803611
2023-01-05,SYN_C,91.99795067,93.05805262
2023-01-06,SYN_A,79.70141077,79.43804040
2023-01-06,SYN_B,91.80418029,92.47420660
2023-01-06,SYN_C,93.33839091,93.61012694
2023-01-09,SYN_A,79.44255539,78.71062196
2023-01-09,SYN_B,92.71848134,91.27052920
2023-01-09,SYN_C,93.71497900,92.44264016
2023-01-10,SYN_A,78.83211293,79.36393015
2023-01-10,SYN_B,91.36274780,91.70417343
2023-01-10,SYN_C,92.56766591,92.89601433
2023-01-11,SYN_A,79.37322838,78.24286264
2023-01-11,SYN_B,91.61001270,92.95242823
2023-01-11,SYN_C,93.16627710,93.39543633
2023-01-12,SYN_A,78.19041867,78.50457542
2023-01-12,SYN_B,93.06013651,92.47035772
2023-01-12,SYN_C,93.51910834,94.16908328
2023-01-13,SYN_A,78.47524510,78.43801701
2023-01-13,SYN_B,92.60412083,92.07195925
2023-01-13,SYN_C,94.06956573,93.29513033
2023-01-16,SYN_A,78.50536441,78.62360454
2023-01-16,SYN_B,91.82108810,91.35499964
2023-01-16,SYN_C,93.41403119,92.65054859
2023-01-17,SYN_A,78.56689058,78.31508179
2023-01-17,SYN_B,91.35987785,92.61455416
2023-01-17,SYN_C,92.70408208,92.48516702
2023-01-18,SYN_A,78.39535489,78.56514190
2023-01-18,SYN_B,92.72712624,93.03067208
2023-01-18,SYN_C,92.57336557,91.08426448
2023-01-19,SYN_A,78.64765786,79.03929481
2023-01-19,SYN_B,92.93897484,92.97398630
2023-01-19,SYN_C,91.15093881,91.83890896
2023-01-20,SYN_A,79.14152996,79.68905758
2023-01-20,SYN_B,92.78353264,92.53467235
2023-01-20,SYN_C,91.82203885,92.75525730
2023-01-23,SYN_A,79.77853418,79.07723202
2023-01-23,SYN_B,92.26456005,93.23103907
2023-01-23,SYN_C,92.74883173,91.93489873
2023-01-24,SYN_A,79.11805212,81.06327214
2023-01-24,SYN_B,93.46440834,94.11677094
2023-01-24,SYN_C,91.90711844,92.27130670
2023-01-25,SYN_A,80.83034031,81.33158496
2023-01-25,SYN_B,94.16852257,92.42452950
2023-01-25,SYN_C,92.15410008,91.47359717
2023-01-26,SYN_A,81.32441912,82.50688450
2023-01-26,SYN_B,92.13080632,91.89093944
2023-01-26,SYN_C,91.66902759,91.49840821
2023-01-27,SYN_A,82.42002223,81.64455222
2023-01-27,SYN_B,91.99011160,92.41356104
2023-01-27,SYN_C,91.20846739,90.52968174
2023-01-30,SYN_A,81.65797465,82.14855445
2023-01-30,SYN_B,92.43571469,92.15867122
2023-01-30,SYN_C,90.32858669,89.08028089
2023-01-31,SYN_A,82.15092199,82.56828881
2023-01-31,SYN_B,92.08906811,93.55389830
2023-01-31,SYN_C,89.06665628,88.52784917
2023-02-01,SYN_A,82.40816948,82.66276953
2023-02-01,SYN_B,93.16848576,93.84688474
2023-02-01,SYN_C,88.53965579,88.69884929
2023-02-02,SYN_A,82.45245312,81.99437823
2023-02-02,SYN_B,94.14135396,94.62094301
2023-02-02,SYN_C,88.59295942,88.80288947
2023-02-03,SYN_A,82.31551896,83.10151688
2023-02-03,SYN_B,94.69878535,94.65017444
2023-02-03,SYN_C,89.12024884,89.09529894
2023-02-06,SYN_A,82.89895549,82.12181051
2023-02-06,SYN_B,94.58127807,94.85366285
2023-02-06,SYN_C,89.25816868,89.55996340
2023-02-07,SYN_A,82.25849147,83.62928350
2023-02-07,SYN_B,95.02650871,96.25375415
2023-02-07,SYN_C,89.28978628,88.77511907
2023-02-08,SYN_A,83.18272311,82.98426068
2023-02-08,SYN_B,96.52218464,95.96861362
2023-02-08,SYN_C,88.80982667,87.91007925
2023-02-09,SYN_A,83.03162665,82.18593975
2023-02-09,SYN_B,96.19421903,94.81911630
2023-02-09,SYN_C,87.96675276,87.38744746
2023-02-10,SYN_A,82.31126111,81.61192519
2023-02-10,SYN_B,94.36084829,94.35585524
2023-02-10,SYN_C,87.29971496,87.59997637
2023-02-13,SYN_A,81.72194622,80.96213952
2023-02-13,SYN_B,94.01668206,94.28861467
2023-02-13,SYN_C,87.53675534,87.37910095
2023-02-14,SYN_A,80.93409767,81.57912788
2023-02-14,SYN_B,93.98299922,93.03426573
2023-02-14,SYN_C,87.49129806,88.12390827
2023-02-15,SYN_A,81.37336529,80.18348544
2023-02-15,SYN_B,93.08275712,92.28862401
2023-02-15,SYN_C,88.50818473,89.78910651
2023-02-16,SYN_A,80.26137527,80.27580884
2023-02-16,SYN_B,92.49961433,92.67402116
2023-02-16,SYN_C,89.80048473,90.63300145
2023-02-17,SYN_A,80.61867145,79.90809818
2023-02-17,SYN_B,92.57110224,92.31017835
2023-02-17,SYN_C,90.78571591,90.59069985
2023-02-20,SYN_A,79.72149320,79.86902983
2023-02-20,SYN_B,92.73522605,94.12524664
2023-02-20,SYN_C,90.25098337,90.59109567
2023-02-21,SYN_A,79.79025276,79.44699746
2023-02-21,SYN_B,94.24994870,94.72343845
2023-02-21,SYN_C,90.69126157,90.78191210
2023-02-22,SYN_A,79.30192621,79.77539217
2023-02-22,SYN_B,94.82103214,96.29708956
2023-02-22,SYN_C,90.53193239,92.10308900
2023-02-23,SYN_A,79.77641324,79.15011404
2023-02-23,SYN_B,96.16090153,96.45948979
2023-02-23,SYN_C,91.67176052,90.56487306
2023-02-24,SYN_A,79.28873174,79.87300339
2023-02-24,SYN_B,96.60920851,97.30301765
2023-02-24,SYN_C,90.16283513,89.83291638
2023-02-27,SYN_A,79.81312663,79.58841587
2023-02-27,SYN_B,97.32143391,97.60389445
2023-02-27,SYN_C,89.47812568,88.47428111
2023-02-28,SYN_A,79.32798536,79.49617501
2023-02-28,SYN_B,97.63951053,98.00867636
2023-02-28,SYN_C,88.68425042,88.21145636
2023-03-01,SYN_A,79.65401882,79.04148206
2023-03-01,SYN_B,97.77385025,96.49834183
2023-03-01,SYN_C,88.23295737,88.68234279
2023-03-02,SYN_A,79.23528055,79.38198798
2023-03-02,SYN_B,96.41607372,98.17303441
2023-03-02,SYN_C,89.00592068,89.15635945
2023-03-03,SYN_A,79.12694266,79.16499007
2023-03-03,SYN_B,98.12287851,97.99934376
2023-03-03,SYN_C,89.21398043,89.19838311
2023-03-06,SYN_A,79.21475613,79.25475401
2023-03-06,SYN_B,97.84843357,98.58020529
2023-03-06,SYN_C,89.00737745,89.87470780
2023-03-07,SYN_A,79.24779836,79.12005973
2023-03-07,SYN_B,98.23060299,97.62238535
2023-03-07,SYN_C,89.58292251,89.86496692
2023-03-08,SYN_A,78.97450818,79.39728766
2023-03-08,SYN_B,97.64763921,97.39057493
2023-03-08,SYN_C,89.96533322,90.46928734
2023-03-09,SYN_A,79.50958393,78.08544793
2023-03-09,SYN_B,97.23596684,97.18480726
2023-03-09,SYN_C,90.59444264,90.44435159
2023-03-10,SYN_A,78.30642584,77.60038594
2023-03-10,SYN_B,97.12551243,97.11189474
2023-03-10,SYN_C,90.81326201,91.54398080
2023-03-13,SYN_A,77.48231445,79.11884200
2023-03-13,SYN_B,97.20357439,96.80704050
2023-03-13,SYN_C,91.97439654,91.44846532
2023-03-14,SYN_A,79.08182287,78.34681459
2023-03-14,SYN_B,96.90916984,96.64424762
2023-03-14,SYN_C,91.46922800,92.37759385
2023-03-15,SYN_A,78.56121135,77.67781100
2023-03-15,SYN_B,96.92728072,97.47165671
2023-03-15,SYN_C,92.80379790,92.08555475
2023-03-16,SYN_A,77.72877287,77.41641810
2023-03-16,SYN_B,97.12860611,97.06022999
2023-03-16,SYN_C,91.91578082,92.42650201
2023-03-17,SYN_A,77.37287008,77.76955326
2023-03-17,SYN_B,97.01315415,96.96067466
2023-03-17,SYN_C,93.00101222,92.76019860
2023-03-20,SYN_A,77.92391886,77.80953087
2023-03-20,SYN_B,96.83886337,95.84823334
2023-03-20,SYN_C,92.98160929,93.47622215
2023-03-21,SYN_A,77.57508737,78.07353594
2023-03-21,SYN_B,95.90294079,95.74131650
2023-03-21,SYN_C,93.21919112,93.36686987
2023-03-22,SYN_A,78.08603413,77.92690194
2023-03-22,SYN_B,95.67658696,95.81932760
2023-03-22,SYN_C,93.35453682,93.38443750
2023-03-23,SYN_A,78.08418808,77.76665734
2023-03-23,SYN_B,95.75317669,96.41881658
2023-03-23,SYN_C,93.41311706,94.31931758
2023-03-24,SYN_A,77.69752552,78.48974333
2023-03-24,SYN_B,96.36917642,97.18958995
2023-03-24,SYN_C,94.66965822,95.69018017
2023-03-27,SYN_A,78.24655432,78.74258968
2023-03-27,SYN_B,97.13783189,97.63996501
2023-03-27,SYN_C,95.76148596,96.40343392
2023-03-28,SYN_A,78.89782768,79.55689599
2023-03-28,SYN_B,97.44250001,98.13249023
2023-03-28,SYN_C,96.53352937,97.21179291
2023-03-29,SYN_A,79.78002088,79.56342252
2023-03-29,SYN_B,98.06054674,98.41315963
2023-03-29,SYN_C,97.31504605,97.91911923
2023-03-30,SYN_A,79.35449229,78.65930574
2023-03-30,SYN_B,98.32803509,98.64426725
2023-03-30,SYN_C,98.07439784,96.73535304
2023-03-31,SYN_A,78.64558458,78.31916445
2023-03-31,SYN_B,99.07743032,99.35357549
2023-03-31,SYN_C,96.89556617,98.87357583
2023-04-03,SYN_A,78.25703655,78.97231764
2023-04-03,SYN_B,99.09407141,98.79657098
2023-04-03,SYN_C,98.88271515,99.33532441
2023-04-04,SYN_A,78.82821741,79.57486762
2023-04-04,SYN_B,98.96370792,98.27972320
2023-04-04,SYN_C,99.19877205,99.00462307
2023-04-05,SYN_A,79.74448958,79.27821569
2023-04-05,SYN_B,98.22512822,96.95048850
2023-04-05,SYN_C,98.92653155,99.51165472
2023-04-06,SYN_A,79.02218129,78.79060713
2023-04-06,SYN_B,97.07381053,96.90953561
2023-04-06,SYN_C,99.40160804,99.11075865
2023-04-07,SYN_A,78.80562437,78.25699276
2023-04-07,SYN_B,97.13081483,96.45411899
2023-04-07,SYN_C,98.91962550,98.88326557
2023-04-10,SYN_A,78.14192432,77.71072462
2023-04-10,SYN_B,96.36176673,95.85577642
2023-04-10,SYN_C,99.20845616,98.78972799
2023-04-11,SYN_A,77.94007928,78.39248165
2023-04-11,SYN_B,95.75735217,94.99508776
2023-04-11,SYN_C,98.75387450,98.46870408
2023-04-12,SYN_A,78.36823620,78.17535935
2023-04-12,SYN_B,95.18255968,96.33561197
2023-04-12,SYN_C,98.42404958,99.56151059
2023-04-13,SYN_A,77.98690309,78.03663276
2023-04-13,SYN_B,96.11531773,95.59443410
2023-04-13,SYN_C,99.37472985,99.63691763
2023-04-14,SYN_A,77.83093767,77.46652892
2023-04-14,SYN_B,95.59391941,95.86162294
2023-04-14,SYN_C,99.65131444,98.20681482
2023-04-17,SYN_A,77.74160582,79.09302965
2023-04-17,SYN_B,95.96599709,96.79985078
2023-04-17,SYN_C,98.07840655,98.72467312
2023-04-18,SYN_A,79.11229278,78.04908348
2023-04-18,SYN_B,96.91321199,96.12134929
2023-04-18,SYN_C,98.87624660,98.56581858
2023-04-19,SYN_A,78.18083620,77.47633120
2023-04-19,SYN_B,96.07044683,95.41928399
2023-04-19,SYN_C,98.71258824,98.48907561
2023-04-20,SYN_A,77.55779714,76.45334569
2023-04-20,SYN_B,95.24267041,95.30856157
2023-04-20,SYN_C,98.68871330,99.20205955
2023-04-21,SYN_A,76.41946543,76.95226347
2023-04-21,SYN_B,95.21333892,95.30796693
2023-04-21,SYN_C,99.03743421,99.19007932
2023-04-24,SYN_A,76.85205166,76.88465548
2023-04-24,SYN_B,94.96193598,95.06014543
2023-04-24,SYN_C,99.22528949,99.46985613
2023-04-25,SYN_A,76.80654658,77.27051272
2023-04-25,SYN_B,95.03077568,96.06765200
2023-04-25,SYN_C,99.19051645,98.84538562
2023-04-26,SYN_A,77.14902401,76.45478288
2023-04-26,SYN_B,95.97533074,95.95329738
2023-04-26,SYN_C,98.61950680,98.60575901
2023-04-27,SYN_A,76.39279926,76.73543188
2023-04-27,SYN_B,96.04200742,95.55749273
2023-04-27,SYN_C,98.73010148,98.56913238
2023-04-28,SYN_A,76.95115592,76.66258072
2023-04-28,SYN_B,95.54397435,96.09713575
2023-04-28,SYN_C,98.71702640,99.36260803
2023-05-01,SYN_A,76.58580402,76.33944967
2023-05-01,SYN_B,96.34199265,96.73011775
2023-05-01,SYN_C,99.25363001,99.80866037
2023-05-02,SYN_A,76.49323108,76.91526146
2023-05-02,SYN_B,96.79044446,96.87342771
2023-05-02,SYN_C,99.81516963,100.37133213
2023-05-03,SYN_A,76.73576716,76.06856716
2023-05-03,SYN_B,96.79335088,95.13257219
2023-05-03,SYN_C,100.49586346,98.88075240
2023-05-04,SYN_A,76.08747859,76.26064683
2023-05-04,SYN_B,94.97493797,94.81525669
2023-05-04,SYN_C,99.12369125,99.59804992
2023-05-05,SYN_A,76.24843360,75.71166514
2023-05-05,SYN_B,94.72684134,94.87820390
2023-05-05,SYN_C,99.85764299,101.05335388
2023-05-08,SYN_A,75.58207790,70.72631438
2023-05-08,SYN_B,94.82855167,88.31106089
2023-05-08,SYN_C,100.80435806,94.46489675
2023-05-09,SYN_A,70.84018787,70.18086597
2023-05-09,SYN_B,88.11223514,90.27097107
2023-05-09,SYN_C,94.29877530,94.48696710
2023-05-10,SYN_A,70.04314002,71.09063473
2023-05-10,SYN_B,90.25912466,90.40341807
2023-05-10,SYN_C,94.83122033,94.48230397
2023-05-11,SYN_A,71.04152625,70.29533893
2023-05-11,SYN_B,90.45330549,90.46785277
2023-05-11,SYN_C,94.51695131,94.77630643
2023-05-12,SYN_A,70.34297352,70.53827204
2023-05-12,SYN_B,90.68893943,90.45218532
2023-05-12,SYN_C,95.04135959,95.25181631
2023-05-15,SYN_A,70.79642693,69.96633235
2023-05-15,SYN_B,90.41741127,90.32989095
2023-05-15,SYN_C,95.57763562,95.60740832
2023-05-16,SYN_A,69.75285517,70.76191774
2023-05-16,SYN_B,90.26012869,91.46419009
2023-05-16,SYN_C,95.49940552,96.25287832
2023-05-17,SYN_A,70.77722855,69.59972054
2023-05-17,SYN_B,91.22492796,90.50860879
2023-05-17,SYN_C,96.22952074,96.22935882
2023-05-18,SYN_A,69.65834986,69.50839654
2023-05-18,SYN_B,90.45389095,89.35366525
2023-05-18,SYN_C,96.21413800,96.29839909
2023-05-19,SYN_A,69.62628463,69.45857062
2023-05-19,SYN_B,89.66243111,89.43789329
2023-05-19,SYN_C,96.26459613,95.05253998
2023-05-22,SYN_A,69.51155857,69.07496010
2023-05-22,SYN_B,89.48822102,88.44721271
2023-05-22,SYN_C,95.02394521,94.08084294
2023-05-23,SYN_A,69.04482732,70.10466367
2023-05-23,SYN_B,88.32557941,89.01832220
2023-05-23,SYN_C,93.88263685,93.69725819
2023-05-24,SYN_A,70.28149921,70.33020362
2023-05-24,SYN_B,89.04274740,88.78267872
2023-05-24,SYN_C,93.49427370,94.10906787
2023-05-25,SYN_A,70.32537917,70.79466794
2023-05-25,SYN_B,88.89801756,89.17682336
2023-05-25,SYN_C,94.07139856,94.27938334
2023-05-26,SYN_A,70.72729498,71.06230119
2023-05-26,SYN_B,89.11828965,88.62220704
2023-05-26,SYN_C,94.16126454,93.05854885
2023-05-29,SYN_A,71.13462198,72.08748121
2023-05-29,SYN_B,88.52833541,89.88794202
2023-05-29,SYN_C,93.08557750,94.63509976
2023-05-30,SYN_A,72.08104196,71.88315066
2023-05-30,SYN_B,89.90187338,89.93077202
2023-05-30,SYN_C,94.91804486,95.95106578
2023-05-31,SYN_A,72.05862113,70.79696963
2023-05-31,SYN_B,89.84622427,89.92782075
2023-05-31,SYN_C,96.12145743,96.45089967
2023-06-01,SYN_A,70.73165451,70.39136716
2023-06-01,SYN_B,90.27055051,90.85298453
2023-06-01,SYN_C,96.70350244,96.69867010
2023-06-02,SYN_A,70.46950186,70.37723124
2023-06-02,SYN_B,90.82971505,90.51129223
2023-06-02,SYN_C,96.57633646,95.79360814
2023-06-05,SYN_A,70.18249687,70.47916102
2023-06-05,SYN_B,90.66321621,89.98071137
2023-06-05,SYN_C,95.44413495,95.62425874
2023-06-06,SYN_A,70.48205171,69.96330043
2023-06-06,SYN_B,89.63625308,90.69429847
2023-06-06,SYN_C,95.58288000,96.02208801
2023-06-07,SYN_A,70.02118963,69.44722032
2023-06-07,SYN_B,90.61348789,89.62484183
2023-06-07,SYN_C,95.81353344,95.32173023
2023-06-08,SYN_A,69.38319183,68.61026955
2023-06-08,SYN_B,89.41246521,88.57981701
2023-06-08,SYN_C,95.31956823,94.08984371
2023-06-09,SYN_A,68.70889317,69.87990475
2023-06-09,SYN_B,88.52165984,89.68919888
2023-06-09,SYN_C,94.23401975,94.33003060
2023-06-12,SYN_A,70.28852572,69.96542583
2023-06-12,SYN_B,89.77657379,89.29031428
2023-06-12,SYN_C,94.48701252,93.58512543
2023-06-13,SYN_A,70.12433527,70.01002471
2023-06-13,SYN_B,88.84895361,88.40075483
2023-06-13,SYN_C,93.55107268,93.64968142
2023-06-14,SYN_A,70.05795551,70.26117029
2023-06-14,SYN_B,88.45212506,87.74872194
2023-06-14,SYN_C,93.49717554,93.06975549
2023-06-15,SYN_A,70.37202493,70.59605469
2023-06-15,SYN_B,87.85654276,86.91512144
2023-06-15,SYN_C,92.96982841,92.19733767
2023-06-16,SYN_A,70.67044956,71.92698310
2023-06-16,SYN_B,86.74674283,86.89191694
2023-06-16,SYN_C,91.96516783,91.47272087
2023-06-19,SYN_A,71.87870667,71.64829162
2023-06-19,SYN_B,86.62561566,86.58719266
2023-06-19,SYN_C,91.42080296,91.96021844
2023-06-20,SYN_A,71.46056987,71.88859869
2023-06-20,SYN_B,86.48354611,87.50393182
2023-06-20,SYN_C,91.95477669,91.84242295
2023-06-21,SYN_A,71.67312746,72.27013103
2023-06-21,SYN_B,87.87562277,86.57297451
2023-06-21,SYN_C,91.79618404,91.58538726
2023-06-22,SYN_A,72.44632852,72.98113311
2023-06-22,SYN_B,86.53050469,87.48075922
2023-06-22,SYN_C,91.59139011,91.22845326
2023-06-23,SYN_A,72.87232166,73.77353305
2023-06-23,SYN_B,87.58871339,87.36430063
2023-06-23,SYN_C,91.19461037,90.72750903
2023-06-26,SYN_A,73.58290728,73.73554586
2023-06-26,SYN_B,87.27397678,87.60795087
2023-06-26,SYN_C,90.91688564,91.52428516
2023-06-27,SYN_A,73.63097109,73.51414399
2023-06-27,SYN_B,87.60503658,87.75629873
2023-06-27,SYN_C,91.42034065,90.76799650
2023-06-28,SYN_A,73.71419806,74.81327977
2023-06-28,SYN_B,87.89562577,87.24427118
2023-06-28,SYN_C,91.02406737,90.55867955
2023-06-29,SYN_A,74.87728906,74.00303183
2023-06-29,SYN_B,87.38426739,86.97820475
2023-06-29,SYN_C,90.63099649,89.84176779
2023-06-30,SYN_A,74.07901622,74.21562599
2023-06-30,SYN_B,87.14279803,85.72220012
2023-06-30,SYN_C,89.90689280,90.15293952
2023-07-03,SYN_A,74.24193407,74.33989479
2023-07-03,SYN_B,85.59594512,85.15058104
2023-07-03,SYN_C,90.14547158,90.11575061
2023-07-04,SYN_A,74.27094681,75.40287268
2023-07-04,SYN_B,84.92875996,85.42384909
2023-07-04,SYN_C,89.80635530,90.30251233
2023-07-05,SYN_A,75.70856605,76.02983476
2023-07-05,SYN_B,85.29609684,86.05642488
2023-07-05,SYN_C,90.30994584,90.64266141
2023-07-06,SYN_A,76.19617970,75.63011073
2023-07-06,SYN_B,86.06529775,86.26807382
2023-07-06,SYN_C,90.44897131,89.76423410
2023-07-07,SYN_A,75.55999902,75.23275879
2023-07-07,SYN_B,86.24437608,85.90656867
2023-07-07,SYN_C,89.76739303,90.74850101
2023-07-10,SYN_A,75.51622235,76.24376743
2023-07-10,SYN_B,86.07297310,85.52215068
2023-07-10,SYN_C,90.69525904,90.11138321
2023-07-11,SYN_A,76.23354212,76.67356065
2023-07-11,SYN_B,85.57391142,85.71423307
2023-07-11,SYN_C,90.04708304,89.59372077
2023-07-12,SYN_A,76.78353047,76.63671362
2023-07-12,SYN_B,85.70394372,85.97072046
2023-07-12,SYN_C,89.68113094,88.61223971
2023-07-13,SYN_A,76.50328360,76.52616656
2023-07-13,SYN_B,86.03785043,86.21391339
2023-07-13,SYN_C,88.90759420,88.57681955
2023-07-14,SYN_A,76.61407334,77.11786093
2023-07-14,SYN_B,86.03625047,86.24533524
2023-07-14,SYN_C,88.69479005,88.50587023
2023-07-17,SYN_A,77.23094423,77.28238039
2023-07-17,SYN_B,86.31448047,85.78553625
2023-07-17,SYN_C,88.20152680,88.13254228
2023-07-18,SYN_A,77.35322641,76.76480767
2023-07-18,SYN_B,85.89450104,86.05638141
2023-07-18,SYN_C,88.00217985,88.57878591
2023-07-19,SYN_A,76.65795346,76.59545703
2023-07-19,SYN_B,86.05384919,85.40171769
2023-07-19,SYN_C,88.68871643,88.65007883
2023-07-20,SYN_A,76.32723612,76.23204437
2023-07-20,SYN_B,85.41863297,85.23968297
2023-07-20,SYN_C,88.89452643,87.18073815
2023-07-21,SYN_A,76.44025857,76.21252353
2023-07-21,SYN_B,85.41283972,85.36955564
2023-07-21,SYN_C,86.99915467,87.46733965
2023-07-24,SYN_A,76.26767064,76.76192122
2023-07-24,SYN_B,85.52090958,85.78241428
2023-07-24,SYN_C,87.72969957,89.43977028
2023-07-25,SYN_A,76.64099873,77.25820431
2023-07-25,SYN_B,85.83298797,86.37738547
2023-07-25,SYN_C,89.64331011,90.16221708
2023-07-26,SYN_A,77.48882693,77.26789329
2023-07-26,SYN_B,86.43340337,86.50218981
2023-07-26,SYN_C,90.21844768,90.45562636
2023-07-27,SYN_A,77.24045424,76.91199849
2023-07-27,SYN_B,86.41377350,86.31641076
2023-07-27,SYN_C,90.63480424,90.58330057
2023-07-28,SYN_A,76.89645428,77.05754901
2023-07-28,SYN_B,86.42851893,87.60118393
2023-07-28,SYN_C,90.33127527,90.23738357
2023-07-31,SYN_A,76.79828341,77.82508144
2023-07-31,SYN_B,87.58084383,87.30401055
2023-07-31,SYN_C,90.41275047,89.32588756
2023-08-01,SYN_A,77.67090739,77.63554295
2023-08-01,SYN_B,87.36934848,87.93880731
2023-08-01,SYN_C,89.39940223,90.88251961
2023-08-02,SYN_A,77.58246963,78.17674557
2023-08-02,SYN_B,87.92732260,88.21579274
2023-08-02,SYN_C,90.16967110,90.56915846
2023-08-03,SYN_A,78.10877688,77.63426867
2023-08-03,SYN_B,88.37528117,87.10389110
2023-08-03,SYN_C,91.14139294,91.94511688
2023-08-04,SYN_A,77.92989843,78.10167342
2023-08-04,SYN_B,86.94812008,87.71390112
2023-08-04,SYN_C,91.64475727,92.25896288
2023-08-07,SYN_A,78.18528160,77.67359621
2023-08-07,SYN_B,87.74989194,88.10430715
2023-08-07,SYN_C,92.12211323,91.16978773
2023-08-08,SYN_A,77.59584755,77.74628687
2023-08-08,SYN_B,88.59077485,88.71094376
2023-08-08,SYN_C,91.02617017,90.41930453
2023-08-09,SYN_A,77.84178535,78.29968200
2023-08-09,SYN_B,88.75319661,89.89867816
2023-08-09,SYN_C,90.82455513,91.31596586
2023-08-10,SYN_A,78.37871360,78.08144112
2023-08-10,SYN_B,89.50531257,89.88123751
2023-08-10,SYN_C,91.18208912,92.17692495
2023-08-11,SYN_A,78.31563372,77.81031814
2023-08-11,SYN_B,90.08481336,89.13569675
2023-08-11,SYN_C,92.34994944,92.35632086
2023-08-14,SYN_A,77.75460823,78.32640698
2023-08-14,SYN_B,89.22534711,89.81005781
2023-08-14,SYN_C,92.43812548,93.97720799
2023-08-15,SYN_A,78.54656428,78.08262819
2023-08-15,SYN_B,90.02711207,91.31761618
2023-08-15,SYN_C,93.82727960,92.30683746
2023-08-16,SYN_A,77.97468500,77.64551283
2023-08-16,SYN_B,91.25750085,90.98581123
2023-08-16,SYN_C,92.57139872,93.45806859
2023-08-17,SYN_A,78.00539812,77.85273590
2023-08-17,SYN_B,90.53260037,92.26005401
2023-08-17,SYN_C,93.50489775,93.99677219
2023-08-18,SYN_A,77.64255373,77.36599257
2023-08-18,SYN_B,92.23364511,90.21026531
2023-08-18,SYN_C,93.82013412,93.92642330
2023-08-21,SYN_A,77.39913663,79.25958016
2023-08-21,SYN_B,90.39569788,92.02711098
2023-08-21,SYN_C,94.17722054,95.30780308
2023-08-22,SYN_A,79.00629807,78.08369914
2023-08-22,SYN_B,92.07467499,91.59261923
2023-08-22,SYN_C,95.37925436,94.95131658
2023-08-23,SYN_A,78.23807447,78.29808209
2023-08-23,SYN_B,91.53987982,90.05645142
2023-08-23,SYN_C,95.11709739,94.87938223
2023-08-24,SYN_A,78.43407657,78.55908428
2023-08-24,SYN_B,90.17900534,90.46211322
2023-08-24,SYN_C,94.67200157,94.27135222
2023-08-25,SYN_A,78.83134519,79.04025550
2023-08-25,SYN_B,90.41798905,90.76133709
2023-08-25,SYN_C,94.34202651,94.15145055
2023-08-28,SYN_A,79.17483086,79.14890235
2023-08-28,SYN_B,90.53462855,90.93836929
2023-08-28,SYN_C,94.10174042,93.61836844
2023-08-29,SYN_A,79.10942352,78.78709891
2023-08-29,SYN_B,91.04058473,90.63542677
2023-08-29,SYN_C,93.70264548,93.26453596
2023-08-30,SYN_A,78.85063826,79.24325055
2023-08-30,SYN_B,90.89631420,90.92384085
2023-08-30,SYN_C,92.96781960,93.21334876
2023-08-31,SYN_A,79.24720316,79.58587704
2023-08-31,SYN_B,90.61111852,90.38475833
2023-08-31,SYN_C,93.31383416,94.22170753
2023-09-01,SYN_A,79.64431626,78.91662553
2023-09-01,SYN_B,90.17667134,89.96008890
2023-09-01,SYN_C,94.26261474,94.33550937
2023-09-04,SYN_A,79.18177444,79.84662284
2023-09-04,SYN_B,89.89518836,90.76215646
2023-09-04,SYN_C,94.05903727,94.49507041
2023-09-05,SYN_A,79.95515411,80.66280008
2023-09-05,SYN_B,91.10953814,91.03019052
2023-09-05,SYN_C,94.64539491,95.07801574
2023-09-06,SYN_A,80.68177734,81.38947612
2023-09-06,SYN_B,91.31223199,92.13545486
2023-09-06,SYN_C,95.03812636,95.31270036
2023-09-07,SYN_A,81.55863482,81.98466960
2023-09-07,SYN_B,92.09044599,90.68840248
2023-09-07,SYN_C,95.19201295,95.31219941
2023-09-08,SYN_A,81.66416453,81.00550904
2023-09-08,SYN_B,90.31911347,90.19194032
2023-09-08,SYN_C,95.23577549,95.01078433
2023-09-11,SYN_A,80.85854692,79.97008271
2023-09-11,SYN_B,90.18682435,90.96298923
2023-09-11,SYN_C,94.73952821,95.08191048
2023-09-12,SYN_A,79.97453233,79.42482538
2023-09-12,SYN_B,91.44883523,91.16342023
2023-09-12,SYN_C,95.11738723,94.75832783
2023-09-13,SYN_A,79.64448465,76.99209590
2023-09-13,SYN_B,91.41114062,89.62595403
2023-09-13,SYN_C,94.50113921,93.52952566
2023-09-14,SYN_A,77.04132541,77.52393861
2023-09-14,SYN_B,89.48844210,90.69916512
2023-09-14,SYN_C,93.46032257,94.85194741
2023-09-15,SYN_A,77.60591572,77.07783007
2023-09-15,SYN_B,90.45275811,89.10766464
2023-09-15,SYN_C,94.82399369,93.85612296
2023-09-18,SYN_A,76.85698324,76.37951177
2023-09-18,SYN_B,89.48521048,89.07126973
2023-09-18,SYN_C,93.77617150,93.86253902
2023-09-19,SYN_A,76.56409923,76.08180396
2023-09-19,SYN_B,89.22369929,88.60112627
2023-09-19,SYN_C,94.00777749,93.85631199
2023-09-20,SYN_A,76.06832057,76.21700314
2023-09-20,SYN_B,88.38989420,87.73890732
2023-09-20,SYN_C,94.23950513,94.60268544
2023-09-21,SYN_A,76.31494217,76.08143394
2023-09-21,SYN_B,87.34472380,87.32601512
2023-09-21,SYN_C,94.57962895,94.76901685
2023-09-22,SYN_A,76.04789683,76.32948747
2023-09-22,SYN_B,87.29967378,86.77730059
2023-09-22,SYN_C,94.83823363,94.37861967
2023-09-25,SYN_A,76.30285231,76.73250076
2023-09-25,SYN_B,86.65518214,86.27791678
2023-09-25,SYN_C,94.51449198,95.18844626
2023-09-26,SYN_A,76.84563891,76.16207568
2023-09-26,SYN_B,86.29858893,85.32114139
2023-09-26,SYN_C,95.28737185,94.90227170
2023-09-27,SYN_A,76.27273640,76.03612212
2023-09-27,SYN_B,85.31720868,86.21995234
2023-09-27,SYN_C,94.58887302,95.28901230
2023-09-28,SYN_A,76.18044551,75.24993784
2023-09-28,SYN_B,86.22056218,86.93942146
2023-09-28,SYN_C,95.54839153,95.17540558
2023-09-29,SYN_A,75.52758112,74.60750196
2023-09-29,SYN_B,86.93146722,86.95092728
2023-09-29,SYN_C,95.20870938,94.57692781
2023-10-02,SYN_A,74.74020234,75.89789761
2023-10-02,SYN_B,86.81313799,86.86402739
2023-10-02,SYN_C,94.78458034,96.46419692
2023-10-03,SYN_A,75.66630371,75.45832147
2023-10-03,SYN_B,87.03178707,87.45113976
2023-10-03,SYN_C,96.67915494,98.08479923
2023-10-04,SYN_A,75.32195000,74.47230896
2023-10-04,SYN_B,87.42966751,87.91258278
2023-10-04,SYN_C,98.42420568,98.50357978
2023-10-05,SYN_A,74.45251900,75.00878461
2023-10-05,SYN_B,87.77870486,87.72819638
2023-10-05,SYN_C,98.48833428,98.57393848
2023-10-06,SYN_A,74.87509245,76.63401748
2023-10-06,SYN_B,87.61329446,87.75266223
2023-10-06,SYN_C,98.44373545,99.70931913
2023-10-09,SYN_A,76.80605765,76.26861617
2023-10-09,SYN_B,87.45949462,87.23650703
2023-10-09,SYN_C,99.76512684,98.83720325
2023-10-10,SYN_A,76.35035604,75.79710073
2023-10-10,SYN_B,87.09286305,86.39956743
2023-10-10,SYN_C,98.80885029,99.18188788
2023-10-11,SYN_A,75.97394613,76.04678535
2023-10-11,SYN_B,86.13441785,87.02777680
2023-10-11,SYN_C,99.49420396,101.15859943
2023-10-12,SYN_A,76.19928104,76.68331899
2023-10-12,SYN_B,87.28257310,86.45954624
2023-10-12,SYN_C,101.24713565,100.23193926
2023-10-13,SYN_A,76.48747436,76.01049892
2023-10-13,SYN_B,86.21158885,86.41033025
2023-10-13,SYN_C,100.22946878,99.40368243
2023-10-16,SYN_A,76.24356108,76.48482964
2023-10-16,SYN_B,86.30952055,86.31424794
2023-10-16,SYN_C,99.38298483,99.18749336
2023-10-17,SYN_A,76.42695280,76.47680937
2023-10-17,SYN_B,86.17156078,84.44335356
2023-10-17,SYN_C,99.16988282,99.35577567
2023-10-18,SYN_A,76.50588173,76.10835350
2023-10-18,SYN_B,84.53407016,84.29011537
2023-10-18,SYN_C,99.47669327,97.80210292
2023-10-19,SYN_A,76.31832317,76.29639677
2023-10-19,SYN_B,84.35275266,83.97093814
2023-10-19,SYN_C,98.05730364,97.97257647
2023-10-20,SYN_A,76.23844231,77.01560935
2023-10-20,SYN_B,83.88140262,85.56241695
2023-10-20,SYN_C,97.58690736,98.58572781
2023-10-23,SYN_A,76.83025958,77.11707595
2023-10-23,SYN_B,85.71794310,83.82829504
2023-10-23,SYN_C,98.58453877,97.44216003
2023-10-24,SYN_A,77.40300070,77.84206704
2023-10-24,SYN_B,83.90119909,84.40067333
2023-10-24,SYN_C,97.22947941,98.02877729
2023-10-25,SYN_A,77.74679125,77.59044419
2023-10-25,SYN_B,84.64578722,85.09119690
2023-10-25,SYN_C,97.80605092,97.97400941
2023-10-26,SYN_A,77.58043355,77.30635633
2023-10-26,SYN_B,85.04878502,85.90246411
2023-10-26,SYN_C,98.13722899,99.07901387
2023-10-27,SYN_A,77.32354192,77.34247517
2023-10-27,SYN_B,86.02718392,85.04914735
2023-10-27,SYN_C,98.92932674,99.02251472
2023-10-30,SYN_A,77.44282273,77.36899644
2023-10-30,SYN_B,85.02913952,85.03707317
2023-10-30,SYN_C,98.85835237,100.05762454
2023-10-31,SYN_A,77.58583042,77.37572910
2023-10-31,SYN_B,84.94519169,84.95011975
2023-10-31,SYN_C,99.88535551,100.68158125
2023-11-01,SYN_A,77.29636161,77.25095379
2023-11-01,SYN_B,85.01412866,84.81728573
2023-11-01,SYN_C,100.59919137,102.09641981
2023-11-02,SYN_A,77.17114502,78.20803750
2023-11-02,SYN_B,84.45734544,83.51862760
2023-11-02,SYN_C,102.46407648,101.96800860
2023-11-03,SYN_A,78.54028972,78.20955286
2023-11-03,SYN_B,83.41988240,83.83591567
2023-11-03,SYN_C,101.95254674,101.88373443
2023-11-06,SYN_A,78.00208398,78.12126628
2023-11-06,SYN_B,83.97595368,83.84476373
2023-11-06,SYN_C,101.83813888,102.27782321
2023-11-07,SYN_A,78.07313800,77.77459003
2023-11-07,SYN_B,84.09196836,83.89060023
2023-11-07,SYN_C,102.25456222,102.01944489
2023-11-08,SYN_A,77.62464245,76.91615735
2023-11-08,SYN_B,84.03507525,83.58092808
2023-11-08,SYN_C,102.03828991,101.64426003
2023-11-09,SYN_A,76.84469667,77.09615280
2023-11-09,SYN_B,83.51165456,82.68514231
2023-11-09,SYN_C,101.55731466,100.88378487
2023-11-10,SYN_A,77.03270581,76.95808618
2023-11-10,SYN_B,82.60399908,82.89499107
2023-11-10,SYN_C,100.94660637,101.28998633
2023-11-13,SYN_A,76.94281160,77.70235585
2023-11-13,SYN_B,82.97231714,84.06197981
2023-11-13,SYN_C,101.27383968,101.82600480
2023-11-14,SYN_A,77.70478446,77.84458213
2023-11-14,SYN_B,84.00055341,84.65971708
2023-11-14,SYN_C,101.83123328,102.78818129
2023-11-15,SYN_A,77.80148965,77.11446257
2023-11-15,SYN_B,84.83100971,84.86490717
2023-11-15,SYN_C,102.77247353,102.11828031
2023-11-16,SYN_A,77.22629575,77.57792024
2023-11-16,SYN_B,84.85478894,84.58902544
2023-11-16,SYN_C,102.13912832,102.32289383
2023-11-17,SYN_A,77.50758978,78.44277086
2023-11-17,SYN_B,84.48271431,85.47674941
2023-11-17,SYN_C,102.60849907,103.49887207
2023-11-20,SYN_A,78.53002215,78.85103594
2023-11-20,SYN_B,85.38737524,85.63524810
2023-11-20,SYN_C,103.67234587,103.47887042
2023-11-21,SYN_A,79.09308140,79.10896067
2023-11-21,SYN_B,85.70624017,85.78118232
2023-11-21,SYN_C,103.63924050,103.01952341
2023-11-22,SYN_A,79.31222919,78.99947066
2023-11-22,SYN_B,85.54539992,85.13759855
2023-11-22,SYN_C,102.92299372,102.33983615
2023-11-23,SYN_A,79.08660906,78.77319554
2023-11-23,SYN_B,84.94116555,85.23891090
2023-11-23,SYN_C,102.43931798,101.39038465
2023-11-24,SYN_A,78.91316207,78.86338593
2023-11-24,SYN_B,85.27091198,84.96331701
2023-11-24,SYN_C,101.03612405,101.67357652
2023-11-27,SYN_A,78.93117489,78.67939247
2023-11-27,SYN_B,84.91908703,84.99423311
2023-11-27,SYN_C,101.66070116,102.34538487
2023-11-28,SYN_A,78.45243183,78.30454997
2023-11-28,SYN_B,84.77299203,83.14978518
2023-11-28,SYN_C,102.12113021,101.73729817
2023-11-29,SYN_A,78.06426305,77.60067117
2023-11-29,SYN_B,83.35232922,83.57953541
2023-11-29,SYN_C,101.73897399,102.17372143
2023-11-30,SYN_A,77.46390473,77.60250661
2023-11-30,SYN_B,83.39860165,83.45504043
2023-11-30,SYN_C,102.16847565,101.83179341
2023-12-01,SYN_A,77.77920956,76.68578645
2023-12-01,SYN_B,83.49995088,83.18722755
2023-12-01,SYN_C,101.68090482,101.62401669
2023-12-04,SYN_A,76.67659322,76.91300412
2023-12-04,SYN_B,83.42295424,83.26101546
2023-12-04,SYN_C,101.70899966,100.48503606
2023-12-05,SYN_A,76.62635562,77.11427678
2023-12-05,SYN_B,83.18192598,83.51337672
2023-12-05,SYN_C,100.19295258,100.27273575
2023-12-06,SYN_A,77.20993426,77.46323467
2023-12-06,SYN_B,83.51229563,84.54703353
2023-12-06,SYN_C,100.42044396,100.19201848
2023-12-07,SYN_A,77.35797697,77.16722625
2023-12-07,SYN_B,84.35099898,82.97660744
2023-12-07,SYN_C,100.14828274,99.97326194
2023-12-08,SYN_A,77.33485944,76.70316658
2023-12-08,SYN_B,82.89149124,82.20212370
2023-12-08,SYN_C,100.02242682,99.90383263
2023-12-11,SYN_A,76.70952430,76.19183977
2023-12-11,SYN_B,82.03426943,82.87035002
2023-12-11,SYN_C,100.06587714,99.62531501
2023-12-12,SYN_A,76.15919184,76.00352839
2023-12-12,SYN_B,82.89851153,83.05602143
2023-12-12,SYN_C,99.87007144,99.07849807
2023-12-13,SYN_A,75.92841428,75.57490798
2023-12-13,SYN_B,83.20641401,82.88740003
2023-12-13,SYN_C,98.74599922,98.76401483
2023-12-14,SYN_A,75.50432543,74.45163068
2023-12-14,SYN_B,83.08159238,83.53802280
2023-12-14,SYN_C,98.53970385,98.48716531
2023-12-15,SYN_A,74.24930786,72.85729009
2023-12-15,SYN_B,83.66833241,83.90498655
2023-12-15,SYN_C,98.42615370,97.84188402
2023-12-18,SYN_A,72.74730104,72.66197992
2023-12-18,SYN_B,83.92639246,84.92821494
2023-12-18,SYN_C,97.78380573,97.37759171
2023-12-19,SYN_A,72.76159589,72.90977423
2023-12-19,SYN_B,84.64491112,83.75014451
2023-12-19,SYN_C,97.18591742,96.75469341
2023-12-20,SYN_A,72.86810775,73.55350293
2023-12-20,SYN_B,83.61672884,85.98458907
2023-12-20,SYN_C,96.63828582,97.02998274
2023-12-21,SYN_A,73.35893744,73.82892322
2023-12-21,SYN_B,85.98315659,85.61643433
2023-12-21,SYN_C,96.91442908,95.58300549
2023-12-22,SYN_A,73.49381998,73.10712677
2023-12-22,SYN_B,85.53161783,85.07566395
2023-12-22,SYN_C,95.47164902,94.58635832
2023-12-25,SYN_A,73.31786608,73.60062543
2023-12-25,SYN_B,85.27048411,85.59432664
2023-12-25,SYN_C,94.52916363,94.33413111
2023-12-26,SYN_A,73.69166142,73.24032935
2023-12-26,SYN_B,85.62171746,85.63633420
2023-12-26,SYN_C,94.16412055,94.29698462
2023-12-27,SYN_A,73.17679315,73.59150454
2023-12-27,SYN_B,85.71098566,84.46663548
2023-12-27,SYN_C,94.40140480,93.62532429
2023-12-28,SYN_A,73.50534002,73.41877059
2023-12-28,SYN_B,84.36661911,84.24053209
2023-12-28,SYN_C,93.76389897,94.06694081
2023-12-29,SYN_A,73.35002557,73.80344195
2023-12-29,SYN_B,84.54376020,84.40881106
2023-12-29,SYN_C,94.37024415,94.56592998
2024-01-01,SYN_A,73.50936256,73.44645435
2024-01-01,SYN_B,84.19263264,84.31283335
2024-01-01,SYN_C,94.89676873,94.89800048
2024-01-02,SYN_A,73.27488820,72.05549778
2024-01-02,SYN_B,83.99204064,84.77229179
2024-01-02,SYN_C,95.06059700,94.56208645
2024-01-03,SYN_A,72.04800875,72.00522575
2024-01-03,SYN_B,85.00864651,85.27420180
2024-01-03,SYN_C,94.18790168,94.71804394
2024-01-04,SYN_A,71.94675337,70.71124506
2024-01-04,SYN_B,85.28108520,83.96780471
2024-01-04,SYN_C,94.45740028,92.93533822
2024-01-05,SYN_A,70.68498423,71.25455420
2024-01-05,SYN_B,84.19655844,84.69678993
2024-01-05,SYN_C,93.04136405,92.60221055
2024-01-08,SYN_A,71.09102138,71.35015692
2024-01-08,SYN_B,84.85043702,85.48259135
2024-01-08,SYN_C,92.59698205,93.03599742
2024-01-09,SYN_A,71.27007898,71.48657352
2024-01-09,SYN_B,85.60679515,86.97397790
2024-01-09,SYN_C,93.17176727,92.29194491
2024-01-10,SYN_A,71.30070629,71.06787386
2024-01-10,SYN_B,86.78290018,87.35964422
2024-01-10,SYN_C,92.23815297,92.18096665
2024-01-11,SYN_A,71.11675986,70.65255283
2024-01-11,SYN_B,87.35379331,87.23290962
2024-01-11,SYN_C,92.16229545,92.18806747
2024-01-12,SYN_A,70.58679783,71.19583057
2024-01-12,SYN_B,87.29036857,88.62707385
2024-01-12,SYN_C,91.57932262,91.30747409
2024-01-15,SYN_A,70.83772961,71.94619308
2024-01-15,SYN_B,88.64164656,87.91236778
2024-01-15,SYN_C,91.44007400,91.11752167
2024-01-16,SYN_A,72.15725349,71.70699388
2024-01-16,SYN_B,87.74385126,88.75025277
2024-01-16,SYN_C,91.28698909,90.63269754
2024-01-17,SYN_A,71.67774914,72.25225104
2024-01-17,SYN_B,88.57602864,87.60045459
2024-01-17,SYN_C,90.86402407,90.29041998
2024-01-18,SYN_A,72.32813818,72.16712057
2024-01-18,SYN_B,87.17678116,87.16951477
2024-01-18,SYN_C,90.51480749,91.82847345
2024-01-19,SYN_A,72.16298261,72.82898272
2024-01-19,SYN_B,87.27343076,87.50032525
2024-01-19,SYN_C,91.46571060,91.04721556
2024-01-22,SYN_A,72.60878395,72.49246167
2024-01-22,SYN_B,87.79982783,87.80500476
2024-01-22,SYN_C,90.78640074,89.56447920
2024-01-23,SYN_A,72.40874887,71.97381441
2024-01-23,SYN_B,87.84496681,88.10435867
2024-01-23,SYN_C,89.59575704,89.70407932
2024-01-24,SYN_A,71.88167471,71.37318613
2024-01-24,SYN_B,88.09487507,88.36053152
2024-01-24,SYN_C,89.57353075,88.54411361
2024-01-25,SYN_A,71.39580788,71.12951740
2024-01-25,SYN_B,88.30559332,88.15526740
2024-01-25,SYN_C,88.34299941,87.93840781
2024-01-26,SYN_A,71.42313510,71.70864397
2024-01-26,SYN_B,88.39920737,88.88046486
2024-01-26,SYN_C,87.91468858,87.77766284
2024-01-29,SYN_A,71.55562714,71.01203767
2024-01-29,SYN_B,89.04065613,88.40916099
2024-01-29,SYN_C,87.81294373,88.14515184
2024-01-30,SYN_A,71.06450155,70.68926988
2024-01-30,SYN_B,88.50476478,88.77450329
2024-01-30,SYN_C,87.97298739,86.91403051
2024-01-31,SYN_A,70.47012804,69.76569665
2024-01-31,SYN_B,89.08538723,88.58748064
2024-01-31,SYN_C,86.84105722,86.93727719
2024-02-01,SYN_A,69.62361609,69.30564907
2024-02-01,SYN_B,88.73033732,88.67085337
2024-02-01,SYN_C,86.93325262,85.54848323
2024-02-02,SYN_A,69.42459806,68.91969847
2024-02-02,SYN_B,88.50226786,88.62001309
2024-02-02,SYN_C,85.65097317,85.55179487
2024-02-05,SYN_A,69.02310389,69.66364643
2024-02-05,SYN_B,88.82762058,87.74973570
2024-02-05,SYN_C,86.05451325,84.96473521
2024-02-06,SYN_A,69.70606983,69.32622176
2024-02-06,SYN_B,87.81317541,88.27786381
2024-02-06,SYN_C,85.12300393,84.07752636
2024-02-07,SYN_A,69.46657012,70.00763335
2024-02-07,SYN_B,88.47661599,89.09905341
2024-02-07,SYN_C,84.19664798,83.81808292
2024-02-08,SYN_A,70.06680003,69.48411485
2024-02-08,SYN_B,89.32109969,88.39868629
2024-02-08,SYN_C,83.75420623,82.96484714
2024-02-09,SYN_A,69.58862035,69.87645079
2024-02-09,SYN_B,88.45032946,89.89230857
2024-02-09,SYN_C,82.67288397,83.32893244
2024-02-12,SYN_A,70.04635536,70.75297960
2024-02-12,SYN_B,89.75327842,89.89220019
2024-02-12,SYN_C,83.43936285,83.35553313
2024-02-13,SYN_A,70.54029814,69.90545352
2024-02-13,SYN_B,89.95454557,89.70523353
2024-02-13,SYN_C,83.22913716,82.95426896
2024-02-14,SYN_A,69.86893761,70.04478198
2024-02-14,SYN_B,89.72110919,89.76104823
2024-02-14,SYN_C,82.95238573,82.43923463
2024-02-15,SYN_A,69.78789958,69.08856643
2024-02-15,SYN_B,89.54819906,89.20868980
2024-02-15,SYN_C,82.62581137,82.35609859
2024-02-16,SYN_A,68.95846488,69.14570949
2024-02-16,SYN_B,89.51175940,89.60052532
2024-02-16,SYN_C,82.22036682,81.50332229
2024-02-19,SYN_A,69.01565716,69.44108680
2024-02-19,SYN_B,89.41930056,88.57018964
2024-02-19,SYN_C,81.58159533,80.83413843
2024-02-20,SYN_A,69.58531663,69.47232174
2024-02-20,SYN_B,88.60709652,89.78173834
2024-02-20,SYN_C,80.75902506,81.76779298
2024-02-21,SYN_A,69.34215414,69.30531410
2024-02-21,SYN_B,89.82217203,90.50980326
2024-02-21,SYN_C,81.91288188,81.91881562
2024-02-22,SYN_A,69.33039041,69.90609349
2024-02-22,SYN_B,90.41595582,90.06004651
2024-02-22,SYN_C,81.95299224,83.62935959
2024-02-23,SYN_A,69.80829121,70.72795420
2024-02-23,SYN_B,89.72484020,89.94650381
2024-02-23,SYN_C,83.69585836,83.47169196
2024-02-26,SYN_A,70.70391092,70.27573884
2024-02-26,SYN_B,89.80555169,89.00392783
2024-02-26,SYN_C,83.21165664,82.35554710
2024-02-27,SYN_A,70.41732824,70.06962535
2024-02-27,SYN_B,88.78849802,89.84527628
2024-02-27,SYN_C,82.16745504,82.08992086
2024-02-28,SYN_A,69.96894840,69.90323924
2024-02-28,SYN_B,89.92818014,90.48308440
2024-02-28,SYN_C,82.19979149,81.88251490
2024-02-29,SYN_A,69.75935296,70.53601500
2024-02-29,SYN_B,90.57953027,91.20913770
2024-02-29,SYN_C,81.98058823,81.24122351
2024-03-01,SYN_A,70.55467898,70.31371205
2024-03-01,SYN_B,91.31409563,91.05971313
2024-03-01,SYN_C,81.21124900,81.46085045
2024-03-04,SYN_A,70.41879138,71.11689154
2024-03-04,SYN_B,91.29019612,91.71312576
2024-03-04,SYN_C,81.57918132,81.74743291
2024-03-05,SYN_A,71.44201427,71.23341097
2024-03-05,SYN_B,91.57515838,93.08712862
2024-03-05,SYN_C,81.77786990,81.78447551
2024-03-06,SYN_A,71.36708885,71.45606963
2024-03-06,SYN_B,93.46167092,93.23624493
2024-03-06,SYN_C,81.93207882,82.55719469
2024-03-07,SYN_A,71.30568576,71.03980585
2024-03-07,SYN_B,93.12953819,92.41648414
2024-03-07,SYN_C,82.44813904,81.79354727
2024-03-08,SYN_A,70.85821284,70.80014297
2024-03-08,SYN_B,92.43955858,92.83196257
2024-03-08,SYN_C,81.87897597,81.72776845
2024-03-11,SYN_A,70.67071733,70.64403648
2024-03-11,SYN_B,92.88300885,93.86864710
2024-03-11,SYN_C,81.83351979,81.86034266
2024-03-12,SYN_A,70.67934783,70.06431300
2024-03-12,SYN_B,94.02808898,94.56188082
2024-03-12,SYN_C,82.01258742,82.42440981
2024-03-13,SYN_A,69.80079945,70.19758692
2024-03-13,SYN_B,94.29184592,94.13381972
2024-03-13,SYN_C,82.40251972,83.32002337
2024-03-14,SYN_A,70.23008678,71.21480851
2024-03-14,SYN_B,94.17920740,93.77290814
2024-03-14,SYN_C,83.08807119,82.59220004
2024-03-15,SYN_A,70.99571240,71.25284622
2024-03-15,SYN_B,93.83085784,93.49437284
2024-03-15,SYN_C,82.60940248,82.84625061
2024-03-18,SYN_A,71.35735148,70.82808509
2024-03-18,SYN_B,93.60429650,94.41991371
2024-03-18,SYN_C,82.89962909,81.85820565
2024-03-19,SYN_A,70.83956828,70.44583272
2024-03-19,SYN_B,94.18237049,94.05845752
2024-03-19,SYN_C,82.00049320,82.40163774
2024-03-20,SYN_A,70.43951397,71.76567121
2024-03-20,SYN_B,93.89941661,94.73745408
2024-03-20,SYN_C,82.36183044,83.52629471
2024-03-21,SYN_A,71.61768753,71.75546270
2024-03-21,SYN_B,94.52510202,94.05584511
2024-03-21,SYN_C,83.68118939,83.57973109
2024-03-22,SYN_A,71.63019404,72.53843490
2024-03-22,SYN_B,94.02287087,93.15444814
2024-03-22,SYN_C,83.43013865,82.80179986
2024-03-25,SYN_A,72.61253373,72.38085959
2024-03-25,SYN_B,93.26458646,92.33508755
2024-03-25,SYN_C,82.88989957,81.46564808
2024-03-26,SYN_A,72.35788100,71.93771008
2024-03-26,SYN_B,92.35364139,92.25296242
2024-03-26,SYN_C,81.54244402,81.46037887
2024-03-27,SYN_A,71.86864815,72.48081155
2024-03-27,SYN_B,92.30417297,92.90821800
2024-03-27,SYN_C,81.48216731,80.47205343
2024-03-28,SYN_A,72.34824716,72.50721167
2024-03-28,SYN_B,92.84834892,92.80192828
2024-03-28,SYN_C,80.75353433,80.92588689
2024-03-29,SYN_A,72.38699615,72.41769570
2024-03-29,SYN_B,93.06136367,93.07755689
2024-03-29,SYN_C,80.80067982,81.23202637
2024-04-01,SYN_A,72.31313953,72.36595760
2024-04-01,SYN_B,93.10200943,93.45588965
2024-04-01,SYN_C,81.23228905,81.24054874
2024-04-02,SYN_A,72.77725003,73.41775028
2024-04-02,SYN_B,93.28460900,93.38724238
2024-04-02,SYN_C,81.37277461,80.95743587
2024-04-03,SYN_A,73.47576505,73.52313430
2024-04-03,SYN_B,93.31169327,94.54563257
2024-04-03,SYN_C,81.08646397,80.66404364
2024-04-04,SYN_A,73.49609029,73.46810995
2024-04-04,SYN_B,94.46859369,95.64831853
2024-04-04,SYN_C,80.57390339,80.68952099
2024-04-05,SYN_A,73.51280836,73.94508252
2024-04-05,SYN_B,95.52113172,97.58693727
2024-04-05,SYN_C,80.82168491,79.72200428
2024-04-08,SYN_A,73.75512996,73.43958091
2024-04-08,SYN_B,97.45081361,98.92574418
2024-04-08,SYN_C,79.67858057,80.11730593
2024-04-09,SYN_A,73.59771922,72.97838879
2024-04-09,SYN_B,98.67098491,98.33545435
2024-04-09,SYN_C,80.19583886,79.61374539
2024-04-10,SYN_A,73.06362327,74.22580348
2024-04-10,SYN_B,98.32467984,99.00869250
2024-04-10,SYN_C,79.75146537,80.72040157
2024-04-11,SYN_A,74.50628777,74.47463439
2024-04-11,SYN_B,99.00965038,99.28334128
2024-04-11,SYN_C,80.58237251,79.45775425
2024-04-12,SYN_A,74.63332383,74.77192705
2024-04-12,SYN_B,99.31056791,100.66918360
2024-04-12,SYN_C,79.38024747,80.74568178
2024-04-15,SYN_A,74.92048147,74.45063180
2024-04-15,SYN_B,100.77134873,101.77098555
2024-04-15,SYN_C,80.82233420,80.29109500
2024-04-16,SYN_A,74.55864204,74.40895171
2024-04-16,SYN_B,101.69063346,103.14707924
2024-04-16,SYN_C,80.51573531,80.11767307
2024-04-17,SYN_A,74.21820049,73.26131191
2024-04-17,SYN_B,103.08851731,102.59454256
2024-04-17,SYN_C,79.89625281,79.46668623
2024-04-18,SYN_A,73.28180307,73.26289382
2024-04-18,SYN_B,102.34551807,99.24424507
2024-04-18,SYN_C,79.49316087,78.86699875
2024-04-19,SYN_A,73.29641685,73.84848945
2024-04-19,SYN_B,99.58013236,99.93451413
2024-04-19,SYN_C,78.67228020,78.54275417
